uid,method,smiles,warhead_atom_name
mol2mol_baseline_0000,mol2mol_baseline,C=CC(=O)N1Cc2cccc(C(=O)Nc3cn(C(C)C)nn3)c2C1,C26
mol2mol_baseline_0001,mol2mol_baseline,C=CC(=O)N1Cc2nccc(C)c2C1,C16
mol2mol_baseline_0002,mol2mol_baseline,C=CC(=O)N1Cc2cccc(C(=O)Nc3cn(C(C)C)cn3)c2C1,C26
mol2mol_baseline_0003,mol2mol_baseline,C=CC(=O)N1Cc2cccc(C(=O)Nc3cnn(C(C)C)c3)c2C1,C26
mol2mol_baseline_0004,mol2mol_baseline,C=CC(=O)N1Cc2cccc(C(=O)Nc3cc(C(C)C)n(CC)n3)c2C1,C30
mol2mol_baseline_0005,mol2mol_baseline,C=CC(=O)N1Cc2[nH]cnc2C(=O)Nc2ncn(C(C)C)c2C1,C25
mol2mol_baseline_0006,mol2mol_baseline,C=CC(=O)N1Cc2ccc(Cl)c(C(=O)Nc3cc(C(C)C)[nH]n3)c2C1,C26
mol2mol_baseline_0007,mol2mol_baseline,C=CC(=O)N1Cc2cccc(Cl)c2C1,C14
mol2mol_baseline_0008,mol2mol_baseline,C=CC(=O)N1Cc2cccc(C(=O)Nc3cn(C4CCCC4)cn3)c2C1,C28
mol2mol_baseline_0009,mol2mol_baseline,C=CC(=O)N1Cc2cccc(C(=O)Nc3ncn(C(C)C)n3)c2C1,C26
mol2mol_baseline_0010,mol2mol_baseline,C=CC(=O)N1Cc2cccc(C(=O)Nc3ccn(C(C)C)n3)c2C1,C26
mol2mol_baseline_0011,mol2mol_baseline,C=CC(=O)N1Cc2c(ccc3ccccc23)C1C(=O)Nc1cc(C(C)(C)C)ccn1,C31
mol2mol_baseline_0012,mol2mol_baseline,C=CC(=O)N1Cc2cccc(C(Nc3cn(C(C)C)cn3)C(C)C)c2C1,C32
mol2mol_baseline_0013,mol2mol_baseline,C=CC(=O)N1Cc2cccc(C(=O)Nc3cn(C(=C)C)cn3)c2C1,C24
mol2mol_baseline_0014,mol2mol_baseline,C=CC(=O)N1Cc2cccc(C(=O)Nc3cncn3C(C)C)c2C1,C26
mol2mol_baseline_0015,mol2mol_baseline,C=CC(=O)N1Cc2c(C(=O)Nc3ccn(C(C)C)n3)cn(C(C)C)c2C1,C31
mol2mol_baseline_0016,mol2mol_baseline,C=CC(=O)N1Cc2cccc(C(=O)Nc3cccn3C(C)C)c2C1,C26
mol2mol_baseline_0017,mol2mol_baseline,C=CC(=O)N1Cc2cccc(C(=O)Nc3cc(-c4cc(C(C)C)no4)no3)c2C1,C29
mol2mol_baseline_0018,mol2mol_baseline,C=CC(=O)N1Cc2cccc(C(=O)/C=C/c3cccn3C)c2C1,C23
mol2mol_baseline_0019,mol2mol_baseline,C=CC(=O)N1Cc2cccc(C(=O)Nc3nc4cc(C)cc(C)c4s3)c2C1,C26
mol2mol_baseline_0020,mol2mol_baseline,C=CC(=O)N1Cc2cccc(CNc3cn(C(C)C)nn3)c2C1,C26
mol2mol_baseline_0021,mol2mol_baseline,C=CC(=O)N1Cc2ccc(C(=O)Nc3cn(C(C)C)cn3)cc2C1,C26
mol2mol_baseline_0022,mol2mol_baseline,C=CC(=O)N1Cc2ccccc2C1C(=O)Nc1cc(C(C)C)ccn1,C27
mol2mol_baseline_0023,mol2mol_baseline,C=CC(=O)N1Cc2cccc(C(=O)Nc3ccn(C)n3)c2C1,C22
mol2mol_baseline_0024,mol2mol_baseline,C=CC(=O)N1Cc2ccc(C(=O)Nc3ccn(C(C)C)n3)cc2C1,C26
mol2mol_baseline_0025,mol2mol_baseline,C=CC(=O)N1Cc2cccc(C(=O)Nc3nccs3)c2CN1C(=O)C=C,C25
mol2mol_baseline_0026,mol2mol_baseline,C=CC(=O)N1Cc2cccc(C(=O)Nc3cn(C4CC4)cn3)c2C1,C24
mol2mol_baseline_0027,mol2mol_baseline,C=CC(=O)N1Cc2cccc(C(=O)Nc3cncn3C3CCCC3)c2C1,C28
mol2mol_baseline_0028,mol2mol_baseline,C=CC(=O)N1Cc2c(C(=O)Nc3cnn(C(C)C)c3)c3ccccc3n2C1,C27
mol2mol_baseline_0029,mol2mol_baseline,C=CC(=O)N1Cc2oc(-c3ccc(C(C)C)cc3)nc2C[C@H]1C(=O)Nc1ccccc1C(C)C,C38
mol2mol_baseline_0030,mol2mol_baseline,C=CC(=O)N(Cc1ccccc1)Cc1c(C(=O)Nc2ccn(C(C)C)n2)cn(C(C)C)c1C,C39
mol2mol_baseline_0031,mol2mol_baseline,C=CC(=O)N1Cc2cccc(C(=O)Nc3cnn(C4CCN(CC)CC4)c3)c2C1,C33
mol2mol_baseline_0032,mol2mol_baseline,C=CC(=O)N1Cc2cccc(Nc3ccn(C4CCC4)n3)c2C[C@@H]1C,C28
mol2mol_baseline_0033,mol2mol_baseline,C=CC(=O)N1Cc2cccc(C(Nc3cncn3C(C)C)C(C)=O)c2C1,C30
mol2mol_baseline_0034,mol2mol_baseline,C=CC(=O)N1Cc2cccc(C(N)=O)c2CN1Cc1cccc(C(C)C)c1,C30
mol2mol_baseline_0035,mol2mol_baseline,C=CC(=O)N1Cc2cccc([C@H](/N=C3\CCN(C(C)=O)C3)C(C)C)c2C1,C33
mol2mol_baseline_0036,mol2mol_baseline,C=CC(=O)N1Cc2cccc(C(Nc3cnc(C(C)C)nc3)C(=O)CCl)c2C1,C31
mol2mol_baseline_0037,mol2mol_baseline,C=CC(=O)N1Cc2cccc(C(=O)Nc3cc(C(C)C)[nH]n3)c2C1,C26
mol2mol_baseline_0038,mol2mol_baseline,C=CC(=O)N1Cc2cccc(NCc3cncn3C(C)C)c2C1,C26
mol2mol_baseline_0039,mol2mol_baseline,C=CC(=O)N1CCc2cccc(C(=O)Nc3cn([C@H](C)CO)cn3)c2C1,C29
mol2mol_baseline_0040,mol2mol_baseline,C=CC(=O)N1Cc2cccc(CNc3nccn3C(C)C)c2C1,C26
mol2mol_baseline_0041,mol2mol_baseline,C=CC(=O)N1Cc2cccc(C(=O)Nc3cn(C(C)C)nc3C)c2C1,C28
mol2mol_baseline_0042,mol2mol_baseline,C=CC(=O)N1Cc2cccc(CN(C(=O)C3CC3)c3cn(C(C)C)cn3)c2C1,C32
mol2mol_baseline_0043,mol2mol_baseline,C=CC(=O)N1Cc2cccc(C(=O)Nc3cnc(C(C)C)cn3)c2C1,C27
mol2mol_baseline_0044,mol2mol_baseline,C=CC(=O)N1Cc2cccc(CN3Cc4cn(C(C)C)nc4C3=O)c2C1,C28
mol2mol_baseline_0045,mol2mol_baseline,C=CC(=O)N1Cc2cccc(C(=O)Nc3cc(C(C)C)no3)c2C1,C26
mol2mol_baseline_0046,mol2mol_baseline,C=CC(=O)N1Cc2cccc(C(=O)Nc3ccnn3C(C)C)c2C1,C26
mol2mol_baseline_0047,mol2mol_baseline,C=CC(=O)N1Cc2ccccc2C(Nc2cn(C(C)C)cn2)C1,C26
mol2mol_baseline_0048,mol2mol_baseline,C=CC(=O)N1Cc2cccc(C)c2C(=O)Nc2cnc(C(C)C)nc21,C27
mol2mol_baseline_0049,mol2mol_baseline,C=CC(=O)N1Cc2cccc(C(Nc3nc(C(C)C)co3)C(C)C)c2C1,C32
mol2mol_baseline_0050,mol2mol_baseline,C=CC(=O)N1Cc2cccc(C(Nc3cnn(C(C)C)c3)C(=O)CC)c2C1,C32
mol2mol_baseline_0051,mol2mol_baseline,C=CC(=O)N1Cc2cccc([C@@](C)(Nc3ncn(C(C)C)n3)C(=O)O)c2C1,C31
mol2mol_baseline_0052,mol2mol_baseline,C=CC(=O)N1Cc2cccc(CNc3cccc(C(C)C)n3)c2C[C@H]1C,C31
mol2mol_baseline_0053,mol2mol_baseline,C=CC(=O)N1Cc2ccccc2C(C)(C)c2cnc(NC(C)C)nc21,C29
mol2mol_baseline_0054,mol2mol_baseline,C=CC(=O)N1Cc2ccccc2C1C(=O)Nc1ccn(C(C)C)n1,C26
mol2mol_baseline_0055,mol2mol_baseline,C=CC(=O)N1Cc2cccc(C(=O)Nc3cn(C(C)C)nc3C(C)C)c2C1,C32
mol2mol_baseline_0056,mol2mol_baseline,C=CC(=O)N1Cc2cccc(C(=O)Nc3ccn(C(C)C)c3)c2C1,C26
mol2mol_baseline_0057,mol2mol_baseline,C=CC(=O)N1Cc2cccc(C(=O)Nc3cn([C@H](C)C=C)cn3)c2C1,C26
mol2mol_baseline_0058,mol2mol_baseline,C=CC(=O)N1Cc2cccc(C(=O)Nc3nccn3C(C)C)c2C1,C26
mol2mol_baseline_0059,mol2mol_baseline,C=CC(=O)N1Cc2cccc(C(Nc3ncn(C(C)C)n3)C(C)C)c2CN(C(=O)C(C)C)C1=O,C43
mol2mol_baseline_0060,mol2mol_baseline,C=CC(=O)N1Cc2cccc(C(=O)Nc3cc(C4=CCN(C(=O)OC(C)(C)C)CC4)n[nH]3)c2C1,C38
mol2mol_baseline_0061,mol2mol_baseline,C=CC(=O)N1Cc2cccc([C@@H](Nc3cn(Cc4ccc(C(C)C)cc4)cn3)C(C)O)c2C1,C37
mol2mol_baseline_0062,mol2mol_baseline,C=CC(=O)N1Cc2cccc(C(=O)Nc3cn(C(C)C(C)O)nn3)c2C1,C29
mol2mol_baseline_0063,mol2mol_baseline,C=CC(=O)N1Cc2cccc(C(=O)Nc3ccn(C(=O)C(C)C)n3)c2C1,C28
mol2mol_baseline_0064,mol2mol_baseline,C=CC(=O)N1Cc2cccc(C(=O)NC(Cc3ccccc3)C(C)C)c2C1,C31
mol2mol_baseline_0065,mol2mol_baseline,C=CC(=O)N1Cc2cccc(C(=O)Nc3nccn3C(C)c3ccccc3)c2C1,C28
mol2mol_baseline_0066,mol2mol_baseline,C=CC(=O)N1CC2=C(C(C)C)C(Nc3ncn(C(C)C)n3)C(=CC=C2)C1=O,C32
mol2mol_baseline_0067,mol2mol_baseline,C=CC(=O)N1Cc2cccc(C(=O)Nc3ncn(C)n3)c2C1,C22
mol2mol_baseline_0068,mol2mol_baseline,C=CC(=O)N1Cc2cccc(CNc3ncn(C(C)C)n3)c2C1,C26
mol2mol_baseline_0069,mol2mol_baseline,C=CC(=O)N1Cc2cccc(CN3CCn4ccnc4C3)c2C1,C24
mol2mol_baseline_0070,mol2mol_baseline,C=CC(=O)N1Cc2cccc(C(Nc3cnn(C(C)C)c3)C(=O)OCCOC)c2C1,C36
mol2mol_baseline_0071,mol2mol_baseline,C=CC(=O)N1Cc2cccc(CN(C(=O)COC)c3ccn(C(C)C)c3)c2C1,C33
mol2mol_baseline_0072,mol2mol_baseline,C=CC(=O)N1CC2CN(C(=O)Nc3ncc(C(C)C)s3)CC2C1,C29
mol2mol_baseline_0073,mol2mol_baseline,C=CC(=O)N1Cc2ccccc2C(Nc2cn(C(C)C)nn2)C1,C26
mol2mol_baseline_0074,mol2mol_baseline,C=CC(=O)N1Cc2cccc(C(Nc3cnn(C(C)C)c3)C(=O)NCC(C)C)c2C1,C37
mol2mol_baseline_0075,mol2mol_baseline,C=CC(=O)N1Cc2c(C(=O)Nc3cnccn3)c(C)n(C(C)C)c2C1,C28
mol2mol_baseline_0076,mol2mol_baseline,C=CC(=O)N1Cc2cccc(C(N)=O)c2C1,C17
mol2mol_baseline_0077,mol2mol_baseline,C=CC(=O)N1Cc2cccc(C(=O)Nc3nc(C)cs3)c2C1,C22
mol2mol_baseline_0078,mol2mol_baseline,C=CC(=O)N1Cc2cccc([C@H](Nc3cnn(C(C)C)c3)C(=O)C3CC3)c2C1,C32
mol2mol_baseline_0079,mol2mol_baseline,C=CC(=O)N1Cc2c(C(=O)Nc3cncn3C(C)C)c(C)n(Cc3ccccc3)c2C1C=C(C)C,C39
mol2mol_baseline_0080,mol2mol_baseline,C=CC(=O)N1Cc2cccc(C(Nc3cnc(C(C)C)c(C(C)C)c3)C(C)C)c2C1,C39
mol2mol_baseline_0081,mol2mol_baseline,C=CC(=O)N1Cc2cccc(CNc3cn(C(C)C)cn3)c2C1,C26
mol2mol_baseline_0082,mol2mol_baseline,C=CC(=O)N1Cc2ccc3c(Nc4cn(C)cn4)ncnc3c2C1,C22
mol2mol_baseline_0083,mol2mol_baseline,C=CC(=O)N1Cc2cccc(C(=O)NC(C=O)CCC)c2C1,C27
mol2mol_baseline_0084,mol2mol_baseline,C=CC(=O)N1Cc2cccc(C(=O)N(CC)c3cccc(C(C)C)c3)c2C1,C31
mol2mol_baseline_0085,mol2mol_baseline,C=CC(=O)N1Cc2ccc(C)c(C(=O)Nc3ccn(C(C)C)n3)c2C1,C28
mol2mol_baseline_0086,mol2mol_baseline,C=CC(=O)N1Cc2c(C(=O)Nc3cccnc3)cn(C(C)C)c2C1,C26
mol2mol_baseline_0087,mol2mol_baseline,C=CC(=O)N1Cc2cccc(C(=O)Nc3cnn(C)c3)c2C1,C22
mol2mol_baseline_0088,mol2mol_baseline,C=CC(=O)N1Cc2cccc(C(=O)N[C@@H](C)c3cn(C(C)C)cn3)c2C1,C30
mol2mol_baseline_0089,mol2mol_baseline,C=CC(=O)N1Cc2cccc(C(=O)N[C@H](C)c3c[nH]cn3)c2C1,C24
mol2mol_baseline_0090,mol2mol_baseline,C=CC(=O)N1Cc2cccc(C)c2C1Nc1cn(C(C)C)cn1,C26
mol2mol_baseline_0091,mol2mol_baseline,C=CC(=O)N(Cc1ccccc1)C(=O)c1c[nH]c(C(C)C)n1,C25
mol2mol_baseline_0092,mol2mol_baseline,C=CC(=O)N1Cc2cccc(C(=O)N3CC(C)N(C(=O)c4cncn4C(C)C)C3)c2C1,C35
mol2mol_baseline_0093,mol2mol_baseline,C=CC(=O)N1Cc2cccc([C@H](NC(=O)c3ccn(C(C)C)n3)c3cccc(C(C)C)c3)c2C1,C38
mol2mol_baseline_0094,mol2mol_baseline,C=CC(=O)N1Cc2[nH]c(C)c(C(=O)Nc3ccn(C(C)C)n3)c2C1,C27
mol2mol_baseline_0095,mol2mol_baseline,C=CC(=O)N1Cc2cccc(C(=O)N[C@@H](C)C(=O)OC)c2C1,C26
mol2mol_baseline_0096,mol2mol_baseline,C=CC(=O)N1Cc2c(C(=O)Nc3ccc(C(C)=O)cn3)cn(C(C)C)c2C1,C30
mol2mol_baseline_0097,mol2mol_baseline,C=CCn1cc(C(=O)Nc2cnn(C(C)C)c2)c2c1CN(C(=O)C=C)C2,C29
mol2mol_baseline_0098,mol2mol_baseline,C=CC(=O)N1Cc2c(C(=O)Nc3cn(C(C)C)nn3)c(C)n(C(C)C)c2C1,C33
mol2mol_baseline_0099,mol2mol_baseline,C=CC(=O)N1Cc2cnc(C)c(C(=O)Nc3cncn3C3CCCC3)c2C1,C30
mol2mol_baseline_0100,mol2mol_baseline,C=CC(=O)N1Cc2cccc(CN3CCN(C(=O)c4cn(C(C)C)cn4)CC3)c2C1,C35
mol2mol_baseline_0101,mol2mol_baseline,C=CC(=O)N1Cc2cccc(C(=O)Nc3cc(C(C)C)nn3C(C)C)c2C1,C32
mol2mol_baseline_0102,mol2mol_baseline,C=CC(=O)N1Cc2cccc(C(=O)Nc3cnccn3)c2C1,C21
mol2mol_baseline_0103,mol2mol_baseline,C=CC(=O)N1Cc2c(C(=O)Nc3cc(-c4ccccc4)no3)c3ccccc3n2C1,C25
mol2mol_baseline_0104,mol2mol_baseline,C=CC(=O)N1Cc2cccc(CNc3ncn(C(C)C)n3)c2Cc2cccc(C(C)C)c21,C36
mol2mol_baseline_0105,mol2mol_baseline,C=CC(=O)N1Cc2cccc(CNc3ccn(C(C)C)n3)c2C[C@H]1C(=O)O,C31
mol2mol_baseline_0106,mol2mol_baseline,C=CC(=O)N1Cc2cccc(C(=O)Nc3cn([C@H]4C[C@@H]4COC(C)=O)cn3)c2C1,C31
mol2mol_baseline_0107,mol2mol_baseline,C=CC(=O)N1Cc2cccc(C(Nc3ncn(C(C)C)n3)C(C)C)c2C1,C32
mol2mol_baseline_0108,mol2mol_baseline,C=CC(=O)N1Cc2ccc(C(=O)Nc3cn(C4CCC4)cn3)cc2C1,C26
mol2mol_baseline_0109,mol2mol_baseline,C=CC(=O)N1Cc2cccc(C(C)Nc3cn(C(C)C)nn3)c2C1,C28
mol2mol_baseline_0110,mol2mol_baseline,C=CC(=O)N1Cc2cccc(C(=O)Nc3cnn(CC(C)C)c3)c2C1,C28
mol2mol_baseline_0111,mol2mol_baseline,C=CC(=O)N1Cc2cccc(C(N)=O)c2C(=O)Nc2ncn(C(C)C)c21,C27
mol2mol_baseline_0112,mol2mol_baseline,C=C=C[C@@H]1Cc2cccc(C(=O)Nc3cnn(C(C)(C)C)c3)c2CN1C(=O)C=C,C35
mol2mol_baseline_0113,mol2mol_baseline,C=CC(=O)N1Cc2ccc(C(=O)Nc3cnn(C(C)C)c3)cc2C1,C26
mol2mol_baseline_0114,mol2mol_baseline,C=CC(=O)N1Cc2c(ccc(Cl)c2Cl)C1C(=O)Nc1cn(C(C)C)cn1,C26
mol2mol_baseline_0115,mol2mol_baseline,C=CC(=O)N1Cc2cccc([C@@H](Nc3cc(C)no3)C(C)C)c2C1,C28
mol2mol_baseline_0116,mol2mol_baseline,C=CC(=O)N1Cc2cccc(C(=O)Nc3cc(C(C)C)n(C)n3)c2C1,C28
mol2mol_baseline_0117,mol2mol_baseline,C=CC(=O)N1Cc2cccc(C(=O)N[C@H](C)c3cn(C(C)C)cn3)c2C1,C30
mol2mol_baseline_0118,mol2mol_baseline,C=CC(=O)N1Cc2cccc(C(=O)Nc3cnn(-c4ccccc4)c3)c2C1,C24
mol2mol_baseline_0119,mol2mol_baseline,C=CC(=O)N1Cc2cccc(C(=O)Nc3cnn(C(C)C)n3)c2C1,C26
mol2mol_baseline_0120,mol2mol_baseline,C=CC(=O)N1Cc2cccc(C(Nc3cnn(C(C)(C)C)c3)C(=O)C3CC3)c2C1,C34
mol2mol_baseline_0121,mol2mol_baseline,C=CC(=O)N1Cc2cccc(C(Nc3ccn(C(C)C)n3)C(=O)O)c2C1,C29
mol2mol_baseline_0122,mol2mol_baseline,C=CC(=O)N1Cc2cccc(C(=O)Nc3cc(C(C)C)nn3CC)c2C1,C30
mol2mol_baseline_0123,mol2mol_baseline,C=CC(=O)N1Cc2cccc(C(Nc3ccn(C(C)C)n3)C(=O)C(F)(F)F)c2C1,C30
mol2mol_baseline_0124,mol2mol_baseline,C=CC(=O)N1Cc2cccc(C(=O)Nc3nc4cc(C)ccc4[nH]3)c2C1,C24
mol2mol_baseline_0125,mol2mol_baseline,C=CC(=O)N1Cc2ccc(C(=O)Nc3ccc(C(C)C)cc3)cc2C1,C27
mol2mol_baseline_0126,mol2mol_baseline,C=CC(=O)N1Cc2cccc(C(=O)Nc3cn(C(C)C)cn3)c2Cc2c(C(=O)O)cccc21,C33
mol2mol_baseline_0127,mol2mol_baseline,C=CC(=O)N1Cc2c(OC)cccc2C1C(=O)Nc1ccc(C(C)C)c(NC(=O)C2CC2)c1,C37
mol2mol_baseline_0128,mol2mol_baseline,C=CC(=O)N1C(=O)c2cccc(C(=O)Nc3cn(C(C)C)cn3)c2C[C@H]1C,C30
mol2mol_baseline_0129,mol2mol_baseline,C=CC(=O)N1Cc2cccc(C(=O)Nc3cc(C(C)C)n[nH]3)c2C1,C26
mol2mol_baseline_0130,mol2mol_baseline,C=CC(=O)N1Cc2cccc(C(=O)Nc3cn[nH]c3)c2C[C@H]1C,C24
mol2mol_baseline_0131,mol2mol_baseline,C=CC(=O)N1Cc2cccc(CNc3cnn(C(C)C)c3)c2C1,C26
mol2mol_baseline_0132,mol2mol_baseline,C=CC(=O)N1Cc2cccc(C(=O)Nc3cn(C(C)C)nn3)c2Cc2c1cc(OC)n2C(C)C,C38
mol2mol_baseline_0133,mol2mol_baseline,C=CC(=O)N1Cc2cccc(C(=O)Nc3cnc(C)cn3)c2C1,C23
mol2mol_baseline_0134,mol2mol_baseline,C=CC(=O)N1Cc2cccc(Cc3cn(C(C)C)nn3)c2C1,C25
mol2mol_baseline_0135,mol2mol_baseline,C=CC(=O)N1Cc2cc(C(=O)Nc3cnn(C4CCN(C(C)=O)CC4)c3)c3ccccc3c2C1,C35
mol2mol_baseline_0136,mol2mol_baseline,C#C[C@@H]1Cc2cc(C(=O)Nc3ccn(CC(=O)OC)n3)ccc2CN1C(=O)C=C,C31
mol2mol_baseline_0137,mol2mol_baseline,C=CC(=O)N1Cc2ccc(C)c(C(=O)Nc3ncccn3)c2C1,C23
mol2mol_baseline_0138,mol2mol_baseline,C=CC(=O)N(Cc1ccccc1)Cc1cn(C)cc1C(=O)N[C@@H](C)c1ccccc1,C32
mol2mol_baseline_0139,mol2mol_baseline,C=CC(=O)N1Cc2cccc([C@@H](C)C(=O)O)c2C1,C21
mol2mol_baseline_0140,mol2mol_baseline,C=CC(=O)N1Cc2ccc(C(=O)Nc3ncn(C(C)C)n3)cc2C1,C26
mol2mol_baseline_0141,mol2mol_baseline,C=CC(=O)N1Cc2cccc(C(Nc3ncn(C(C)C)n3)C(C)(C)C)c2C1,C34
P5-1v2_base_0000,P5-1v2_base,C=CC(=O)N1Cc2cccc(C(=O)Nc3cn([C@H](C)O[C@H](C)C(C)(C)C)cn3)c2C1,C37
P5-1v2_base_0001,P5-1v2_base,C=CC(=O)N1Cc2cccc(C(=O)Nc3cn(C(C)C)nn3)c2C1,C26
P5-1v2_base_0002,P5-1v2_base,C=CC(=O)N1Cc2cccc(C(=O)Nc3cn([C@H]4CC[C@H](N)CC4)cn3)c2C1,C31
P5-1v2_base_0003,P5-1v2_base,C=CC(=O)N1Cc2cccc(C(=O)Nc3cn(C(C)C)cn3)c2C1,C26
P5-1v2_base_0004,P5-1v2_base,C=CC(=O)N1Cc2cccc(C(=O)Nc3cn(C(C)C)nc3[C@H](O)[C@H](F)CO)c2C1,C34
P5-1v2_base_0005,P5-1v2_base,C=CC(=O)N1Cc2cccc(C(=O)Nc3cn(C(C)(C)C)cn3)c2C1,C28
P5-1v2_base_0006,P5-1v2_base,C=CC(=O)Nc1cncc(C(=O)Nc2cn(C(C)C)cn2)c1,C24
P5-1v2_base_0007,P5-1v2_base,C=CC(=O)N1CCc2cccc(C(=O)Nc3cnn(C(=O)N(C)C(C)C)c3)c2C1,C33
P5-1v2_base_0008,P5-1v2_base,C=CC(=O)N1Cc2cccc(C(=O)Nc3cn([C@H](C)C(C)=O)cn3)c2C1,C28
P5-1v2_base_0009,P5-1v2_base,C=CC(=O)N1Cc2cccc([C@@H](O)Nc3cnn(C(C)C)c3)c2C1,C27
P5-1v2_base_0010,P5-1v2_base,C=CC(=O)N1Cc2cccc(C(=O)Nc3cncc(C(C)C)c3)c2C1,C27
P5-1v2_base_0011,P5-1v2_base,C=CC(=O)N1Cc2cccc(C(=O)Nc3cn(C(=O)C(C)C)cn3)c2C1,C28
P5-1v2_base_0012,P5-1v2_base,C=CC(=O)N1Cc2cccc(C(=O)c3cc4c(OC(C)C(C)=O)ncc(C(=O)NO)n4c3)c2C1,C34
P5-1v2_base_0013,P5-1v2_base,C=CC(=O)N1Cc2cccc(C3(C)CC(=O)N(c4cc(C(C)=O)[nH]n4)C3)c2C1,C30
P5-1v2_base_0014,P5-1v2_base,C=CC(=O)N1Cc2ccccc2C1C(=O)Nc1cn(C(C)C(C)(C)C)cn1,C32
P5-1v2_base_0015,P5-1v2_base,C=CC(=O)N1Cc2cccc(C(=O)Nc3cnc(C(=O)Nc4ccccn4)nc3)c2C1,C28
P5-1v2_base_0016,P5-1v2_base,C=CC(=O)N1Cc2c(C(=O)Nc3ccc(N4CC(CC)C4)cn3)cccc2C1=O,C30
P5-1v2_base_0017,P5-1v2_base,C=CC(=O)N1Cc2cccc(C(=O)N(CC)n3cnc(C(C)C)c3)c2C1,C30
P5-1v2_base_0018,P5-1v2_base,C=CC(=O)N1Cc2cccc(C(=O)Nc3cn(C)cn3)c2C1,C22
P5-1v2_base_0019,P5-1v2_base,C=CC(=O)N1Cc2cccc(C(=O)Nc3cn(C4(C(=O)Nc5ccc(OC)cn5)CC4)cn3)c2C1,C34
P5-1v2_base_0020,P5-1v2_base,C=CC(=O)N1Cc2cccc(C(=O)Nc3cnc(C(C)(C)c4cnccn4)cn3)c2C1,C31
P5-1v2_base_0021,P5-1v2_base,C=CC(=O)N1Cc2cncc(C(=O)Nc3cn(C(=O)N(c4ccccc4)c4ccccc4C)cn3)c2C1,C33
P5-1v2_base_0022,P5-1v2_base,C=CC(=O)N1Cc2cccc(C(=O)Nc3ccn(C(C)C)n3)c2C1,C26
P5-1v2_base_0023,P5-1v2_base,C=CC(=O)Nc1cn([C@H](C)c2ccccc2C)cn1,C21
P5-1v2_base_0024,P5-1v2_base,C=CC(=O)N1Cc2cccc(C(=O)Nc3cn(C(C)C(C)(C)C)cn3)c2C1,C32
P5-1v2_base_0025,P5-1v2_base,C=CC(=O)N1Cc2cccc(C(=O)Nc3cn(C4CCC(C)C4)cn3)c2C1,C30
P5-1v2_base_0026,P5-1v2_base,C=CC(=O)N(Cc1cccc(C(=O)Nc2cnn(Cc3ccccc3)c2)c1)C1=CCCC1,C32
P5-1v2_base_0027,P5-1v2_base,C=CC(=O)N1Cc2cccc(C(=O)Nc3cn(-c4ccccc4)cn3)c2C1,C24
P5-1v2_base_0028,P5-1v2_base,C=CC(=O)N1Cc2cccc(C(=O)Nc3cn(-c4cc(C(F)(F)F)cc(C)c4F)cn3)c2C1,C28
P5-1v2_base_0029,P5-1v2_base,C=CC(=O)N1Cc2cccc(C#N)c2C(Nc2cn(CC(=O)N(C)O)cn2)C1,C29
P5-1v2_base_0030,P5-1v2_base,C=CC(=O)N1Cc2ccccc2C1c1cccc(C(=O)Nc2cn(C(C)C)cn2)n1,C30
P5-1v2_base_0031,P5-1v2_base,C=CC(=O)N1Cc2cccc(C(=O)Nc3ncc(C(=O)Nc4cn(C(CF)CF)cn4)nn3)c2C1,C33
P5-1v2_base_0032,P5-1v2_base,C=CC(=O)N1Cc2cccc(C(=O)Nc3cn(C(C)(C)CC)cn3)c2C1,C30
P5-1v2_base_0033,P5-1v2_base,C=CC(=O)N1Cc2ccc(C(=O)Nc3cn(C(C)C)cn3)cc2C1,C26
P5-1v2_base_0034,P5-1v2_base,C=CC(=O)N1Cc2cccc(C(=O)Nc3cn(CC)cn3)c2C1,C24
P5-1v2_base_0035,P5-1v2_base,C=CC(=O)Nc1cccc(C(=O)Nc2cn(C(=O)C(C(=O)NC(C)C)c3cccc(OC(F)(F)F)c3)cn2)c1,C38
P5-1v2_base_0036,P5-1v2_base,C=CC(=O)N1CC2=CN3C=C(N=CC3C(=O)O)NC(=O)C(=CC=C2)C1,C26
P5-1v2_base_0037,P5-1v2_base,C=CC(=O)N1Cc2cccc(C(=O)Nc3cc(N(C)C)cn3C(C(=O)NC(C)C)C(C)C)c21,C40
P5-1v2_base_0038,P5-1v2_base,C=CC(=O)N1Cc2cccc(C(=O)Nc3cnn(N)c3)c2C1,C21
P5-1v2_base_0039,P5-1v2_base,C=CC(=O)N1Cc2cccc(C(=O)Nc3cn(C(C)C(F)(F)F)cn3)c2C1,C26
P5-1v2_base_0040,P5-1v2_base,C=CC(=O)N1Cc2cccc(C(=O)C(C)c3cn(-c4cn(CC(=O)N(C)C)cn4)cn3)c2C1,C35
P5-1v2_base_0041,P5-1v2_base,C=CC(=O)N1Cc2cccc(C(=O)N3Cc4cn(CC)nc4C(C)(C)C3)c2C1,C32
P5-1v2_base_0042,P5-1v2_base,C=CC(=O)N1Cc2cccc(C(=O)Nc3cn(C(=O)CCC(=O)OC)cn3)c2C1,C31
P5-1v2_base_0043,P5-1v2_base,C=CC(=O)N1Cc2cccc(C(=O)Nc3cnc(C(C)C)cn3)c2C1,C27
P5-1v2_base_0044,P5-1v2_base,C=CC(=O)N1Cc2cccc(C(=O)Nc3cn(C4CCN(C)C4)cn3)c2C1,C29
P5-1v2_base_0045,P5-1v2_base,C=CC(=O)N1Cc2cccc(C(=O)Nc3cn(C(C=O)N(C)C)cn3)c2C1,C29
P5-1v2_base_0046,P5-1v2_base,C=CC(=O)N1Cc2cccc(C(=O)Nc3cn(C(C)Cc4ccccc4)cn3)c2C1,C30
P5-1v2_base_0047,P5-1v2_base,C=CC(=O)N1Cc2cccc(C(=O)Nc3cn(Cc4ccccc4)cn3)c2C1,C26
P5-1v2_base_0048,P5-1v2_base,C=CC(=O)Nc1cncc(C(=O)Nc2cn(CC(C)C)cn2)c1,C26
P5-1v2_base_0049,P5-1v2_base,C=CC(=O)N1Cc2cccc(C(=O)Nc3cn(C(C)c4cccc(C)n4)cn3)c2C1,C30
P5-1v2_base_0050,P5-1v2_base,C=CC(=O)N1CC=CC=C(C(=O)Nc2cccc(C(=O)Nc3cnc(C(C)C)cn3)c2)C1,C34
P5-1v2_base_0051,P5-1v2_base,C=CC(=O)N1Cc2cccc(C(=O)Nc3cnn(C(C)C)c3)c2C1,C26
P5-1v2_base_0052,P5-1v2_base,C=CC(=O)N1Cc2cccc(C(=O)Nc3cc(C(C)C)n(C)c3)c2C1,C28
P5-1v2_base_0053,P5-1v2_base,C=CC(=O)N1Cc2cccc(Nc3cnc(C(C)C)cn3)c2C1,C25
P5-1v2_base_0054,P5-1v2_base,C=CC(=O)N1Cc2cccc(C)c2C1N1Cc2cccc(C(=O)Nc3cn(C(C)C)cn3)c2C1,C35
P5-1v2_base_0055,P5-1v2_base,C=CC(=O)N1Cc2cccc(C(=O)Nc3cn(C(C)C(C)C)cn3)c2C1,C30
P5-1v2_base_0056,P5-1v2_base,C=CC(=O)N1Cc2ccc(C(=O)C(C)c3cncn3C(=O)CN(C(C)=O)C(C)C)cc2C1,C38
P5-1v2_base_0057,P5-1v2_base,C=CC(=O)N1Cc2ccc(C(=O)Nc3cnnc4cc(NC(C)C)cnc34)cc2C1,C30
P5-1v2_base_0058,P5-1v2_base,C=CC(=O)N1Cc2cccc(C(=O)Nc3cn([C@@H]4CCC(C)C[C@@H](N)C4)cn3)c2C1,C35
P5-1v2_base_0059,P5-1v2_base,C=CC(=O)N1Cc2cccc(C(=O)Nc3cccc(C(=O)Nc4cnn(C(C)C)c4)c3)c2C1,C33
P5-1v2_base_0060,P5-1v2_base,C=CC(=O)N1Cc2cccc(C(=O)Nc3cn(C(=O)c4cc(C)nn4C(C)(C)C)cn3)c2C1,C35
P5-1v2_base_0061,P5-1v2_base,C=CC(=O)N1Cc2cccc(C(=O)Nc3cn(C4CCC4)nc3C)c2C1,C28
P5-1v2_base_0062,P5-1v2_base,C=CC(=O)N1Cc2cccc(C(=O)c3cn(C(C)C)cc3O[C@](C)(O)C(C)C)c2C1,C37
P5-1v2_base_0063,P5-1v2_base,C=CC(=O)N1CC2=CN3C=C(N=NC3C(=O)Nc3ccccc3)NC(=O)C(=CC=C2)C1,C29
P5-1v2_base_0064,P5-1v2_base,C=CC(=O)N1Cc2cccc(C(=O)Nc3cnn(C(C#N)C(C)C)c3)c2C1,C29
P5-1v2_base_0065,P5-1v2_base,C=CC(=O)N1Cc2cccc(C(=O)Nc3cnc(C(C)C)s3)c21,C24
P5-1v2_base_0066,P5-1v2_base,C=CC(=O)N1Cc2cccc(C(=O)Nc3cn(CCC(=O)N(C)C)cn3)c2C1,C31
P5-1v2_base_0067,P5-1v2_base,C=CC(=O)N1c2cccc(C(=O)Nc3cn(C(C)C)cn3)c2C1C,C26
P5-1v2_base_0068,P5-1v2_base,C=CC(=O)N1Cc2cccc(C(=O)Nc3cn(-c4cn(C(C)C)cn4)cn3)c2C1,C29
P5-1v2_base_0069,P5-1v2_base,C=CC(=O)N1Cc2ccc(C(C)Nc3cn(C)cn3)cc2C1,C24
P5-1v2_base_0070,P5-1v2_base,C=CC(=O)N1Cc2cccc(C(=O)Nc3cn(CC(=O)OC)cn3)c2C1,C27
P5-1v2_base_0071,P5-1v2_base,C=CC(=O)N1Cc2cccc(Cn3cnc(NC(=O)C(C)C)n3)c2C1,C28
P5-1v2_base_0072,P5-1v2_base,C=CC(=O)N1CCc2cccc(C(=O)Nc3cn([C@H](C)c4ccccc4)cn3)c21,C28
P5-1v2_base_0073,P5-1v2_base,C=CC(=O)N1Cc2cccc(C(=O)Nc3cncc(C(=O)Nc4[nH]c(C)nc4C(C)F)n3)c2C1,C33
P5-1v2_base_0074,P5-1v2_base,C=CC(=O)N1Cc2cccc(C(=O)Nc3cn([C@H]4COC[C@@H](F)[C@@H]4F)cn3)c2C1,C29
P5-1v2_base_0075,P5-1v2_base,C=CC(=O)N1CC2=C(C1)C1=CC(=CN(CC)C1C)NC(=O)C(CF)=CC=C2,C30
P5-1v2_base_0076,P5-1v2_base,C=CC(=O)N1Cc2cc(C(=O)c3cn(C(C)C)cn3)cc(Cl)c2C1,C25
P5-1v2_base_0077,P5-1v2_base,C=CC(=O)N1Cc2cccc(C(=O)Nc3cn(C(=O)c4ccccc4)cn3)c2C1,C26
P5-1v2_base_0078,P5-1v2_base,C=CC(=O)N1Cc2cccc(C(=O)Nc3cn([C@H](C)C(C)(C)C)cn3)c2C1,C32
P5-1v2_base_0079,P5-1v2_base,C=CC(=O)N1Cc2cccc(C(=O)Nc3cn(C(=O)Nc4ccccc4)cn3)c2C1,C27
P5-1v2_base_0080,P5-1v2_base,C=CC(=O)N1Cc2cccc(C(=O)NC(C)NCc3cncn3C)c2C1,C29
P5-1v2_base_0081,P5-1v2_base,C=CC(=O)NC(c1cccc(C(=O)NC)c1)c1cccc(-n2ccnc2)c1,C26
P5-1v2_base_0082,P5-1v2_base,C=CC(=O)N1Cc2ccccc2C1C(=O)N1Cc2c(C(=O)Nc3cn(C(C)C)cn3)cccc21,C33
P5-1v2_base_0083,P5-1v2_base,C=CC(=O)N1Cc2cccc(CNc3cn(-c4ccnc(C)c4)nn3)c2C1,C26
P5-1v2_base_0084,P5-1v2_base,C=CC(=O)N1Cc2ccc(C(=O)Nc3ccn(C(=C)C)c3)cc2C1,C24
P5-1v2_base_0085,P5-1v2_base,C=CC(=O)N1CCc2cccc(C(=O)Nc3ncn(C(C)C)c3C)c21,C28
P5-1v2_base_0086,P5-1v2_base,C=CC(=O)N1Cc2cccc(C(=O)Nc3cn(C(C)C(C)C)nn3)c2C1,C30
P5-1v2_base_0087,P5-1v2_base,C=CC(=O)N1Cc2cccc(CNc3cn([C@H](C)C(=O)C(C)C)cn3)c2C1,C32
P5-1v2_base_0088,P5-1v2_base,C=CC(=O)N1Cc2cccc(COc3cn(CC(C)C)cn3)c2C1,C28
P5-1v2_base_0089,P5-1v2_base,C=CC(=O)N1Cc2cccc(C(=O)Nc3cn(-c4cnn(C(C)C)c4)c(C)n3)c2C1,C31
P5-1v2_base_0090,P5-1v2_base,C=CC(=O)N1Cc2ccc(C(=O)Nc3cnc(CC(C)C)cn3)cc2C1,C29
P5-1v2_base_0091,P5-1v2_base,C=CC(=O)N1Cc2cccc(C(=O)Nc3cnn(CC(C)C)c3)c2C1,C28
P5-1v2_base_0092,P5-1v2_base,C=CC(=O)N1Cc2cccc(C(=O)Nc3cn(C(C)c4cncn4C)nn3)c2C1,C29
P5-1v2_base_0093,P5-1v2_base,C=CC(=O)N1Cc2cccc(C(=O)Nc3cn(CC(C)C)cn3)c2C1,C28
P5-1v2_base_0094,P5-1v2_base,C=CC(=O)N1Cc2cccc(C(=O)c3cc4ccccn4c3)c2C1,C21
P5-1v2_base_0095,P5-1v2_base,C=CC(=O)N1Cc2cccc(C(=O)NC3=CC(C(C)C)=CN(C(C)CCc4cccc(F)c4)N=N3)c2C1,C40
P5-1v2_base_0096,P5-1v2_base,C=CC(=O)N1Cc2cccc(C(=O)Nc3cnn(C)c3)c2C1,C22
P5-1v2_base_0097,P5-1v2_base,C=CC(=O)N1Cc2cccc(C(=O)Nc3cn(C(C)C)c(C)n3)c2C1,C28
P5-1v2_base_0098,P5-1v2_base,C=CC(=O)N1Cc2cccc(C(=O)Nc3ccn(C(C)C)c3)c2C1,C26
P5-1v2_base_0099,P5-1v2_base,C=CC(=O)N1Cc2cccc(C(O)c3cn(C(C)C)cn3)c2C1,C26
P5-1v2_base_0100,P5-1v2_base,C=CC(=O)N1Cc2cccc(C(=O)Cc3cnn(C(C)c4cnc(NCC(C)C)cn4)c3)c2C1,C38
P5-1v2_base_0101,P5-1v2_base,C=CC(=O)Nc1cnc(C(C=C)N2Cc3ccccc3C2)cn1,C23
P5-1v2_base_0102,P5-1v2_base,C=CC(=O)N1Cc2cccc(C)c2C1Nc1cncnc1,C21
P5-1v2_base_0103,P5-1v2_base,C=CC(=O)N1Cc2ccc(C(=O)Nc3ncn(C(C)C)c3C)cc2C1,C28
P5-1v2_base_0104,P5-1v2_base,C=CC(=O)N1Cc2cccc(C(=O)c3cncn3C)c2C1,C21
P5-1v2_base_0105,P5-1v2_base,C=CC(=O)N1Cc2cccc(C(=O)Nc3cn(C(C)CC)cn3)c2C1,C28
P5-1v2_base_0106,P5-1v2_base,C=CC(=O)N1Cc2cccc(C(=O)Nc3cn(C4CCOc5ccccc54)cn3)c2C1,C29
P5-1v2_base_0107,P5-1v2_base,C=CC(=O)N1Cc2cccc(C(=O)Nc3cnn(CCC(=O)O)c3)c2C1,C27
P5-1v2_base_0108,P5-1v2_base,C=CC(=O)N1Cc2cccc(C(=O)Nc3cnc4c(c3)c(C(=O)CCl)cn4C)c2C1,C28
P5-1v2_base_0109,P5-1v2_base,C=CC(=O)N1Cc2cccc(C(=O)Nc3cn(C4CCN(C)CC4)cn3)c2C1,C31
P5-1v2_base_0110,P5-1v2_base,C=CC(=O)N(Cc1ccccc1)Cc1nc(Nc2ncn(C(C)CC)c2C)ccc1C,C36
P5-1v2_base_0111,P5-1v2_base,C=CC(=O)N1Cc2ccccc2C1c1cccc(O)c1,C19
P5-1v2_base_0112,P5-1v2_base,C=CC(=O)N1Cc2cccc(C(=O)c3cc([C@H]4CNc5nccn5C4)cn3Cc3ccccc3C(F)(F)F)c2C1,C35
P5-1v2_base_0113,P5-1v2_base,C=CC(=O)Nc1cn([C@H]2Cc3cccc(C4CCCN4)c3C2)cn1,C26
P5-1v2_base_0114,P5-1v2_base,C=CC(=O)N1Cc2cccc(C(=O)Nc3cn(C(C)Cc4cnccn4)cn3)c2C1,C30
P5-1v2_base_0115,P5-1v2_base,C=CC(=O)N1Cc2cccc(C(=O)Nc3cn(C(C)(C)C(F)F)cn3)c2C1,C28
P5-1v2_base_0116,P5-1v2_base,C=CC(=O)N1Cc2cccc(C(=O)Nc3ccn(C(C)=O)c3)c2C1,C24
P5-1v2_base_0117,P5-1v2_base,C=CC(=O)N1CCc2cccc(C(=O)Nc3cn(C(C)=O)cn3)c2C1,C26
P5-1v2_base_0118,P5-1v2_base,C=CC(=O)N1Cc2cccc(C(=O)Nc3cn(-c4cn(C(=O)C(C)C)cn4)cn3)c2C1,C31
P5-1v2_base_0119,P5-1v2_base,C=CC(=O)N1Cc2c(C(=O)Nc3cn(C(C(=O)NC(C)N)C(C)C)cn3)cccc21,C34
P5-1v2_base_0120,P5-1v2_base,C=CC(=O)N1Cc2ccc(OCc3cnccc3F)cc2C1=O,C21
P5-1v2_base_0121,P5-1v2_base,C#CC1(CN(C(=O)C=C)c2cccc(CN3Cc4ccccc4C3=O)c2)C=C(C)N1C,C32
P5-1v2_base_0122,P5-1v2_base,C=CC(=O)N1Cc2cccc(Oc3cncc(C#N)c3)c2C1,C20
P5-1v2_base_0123,P5-1v2_base,C=CC(=O)N1Cc2cccc(C(=O)Nc3cnn(Cc4ccco4)c3)c2C1,C25
P5-1v2_base_0124,P5-1v2_base,C=CC(=O)N1Cc2ccc(C#CC(=O)Nc3cn([C@H](C)[C@H](C)n4cccn4)cn3)cc2C1,C33
P5-1v2_base_0125,P5-1v2_base,C=CC(=O)N1Cc2cccc(C(=O)Nc3cn(C(C)c4ccccc4)cn3)c2C1,C28
P5-1v2_base_0126,P5-1v2_base,C=CC(=O)N1Cc2cccc(C(=O)Nc3cn([C@@H](CC(F)F)C(C)C)nn3)c2C1,C32
P5-1v2_base_0127,P5-1v2_base,C=CC(=O)N1Cc2ccc(C(=O)Nc3cn([C@H](C)C(=O)Nc4ccncc4)cn3)cc2C1,C31
P5-1v2_base_0128,P5-1v2_base,C=CC(=O)N1Cc2cccc(C(=O)Nc3cn([C@H]4C[C@H](C#N)CO4)cn3)c2C1,C28
P5-1v2_base_0129,P5-1v2_base,C=CC(=O)N1Cc2cccc(C(=O)NOc3ccnn3C)c2C1,C23
P5-1v2_base_0130,P5-1v2_base,C=CC(=O)N1c2ccccc2CC1C(=O)Nc1cn(-n2cnc(C(C)CC)c2)nn1,C31
P5-1v2_base_0131,P5-1v2_base,C=CC(=O)N1Cc2cccc(Nc3cn(C(C)C)cn3)c2C1,C24
P5-1v2_base_0132,P5-1v2_base,C=CC(=O)N1Cc2cccc(C(=O)Nc3cn([C@H](C)[C@H]4C[C@H](O)CO4)cn3)c2C1,C32
P5-1v2_base_0133,P5-1v2_base,C=CC(=O)Nc1cccc(C(=O)Nc2cn(-c3cn(C(=O)C(C)C)cn3)cn2)c1,C29
P5-1v2_base_0134,P5-1v2_base,C=CC(=O)N1Cc2c(F)ccc(C(=O)Nc3cn(C(C)C)cn3)c2C1,C26
P5-1v2_base_0135,P5-1v2_base,C=CC(=O)N1CC(=O)c2c(cccc2C(=O)Nc2cn(Cc3ccccc3)cn2)C1,C28
P5-1v2_base_0136,P5-1v2_base,C=CC(=O)N1Cc2cccc(C(=O)Nc3cn(-c4cncn4C)cn3)c2[C@H]1C,C27
P5-1v2_base_0137,P5-1v2_base,C=CC(=O)N1Cc2ccccc2C1=O,C14
P5-1v2_base_0138,P5-1v2_base,C=CC(=O)N1Cc2cccc(C(=O)Nc3cc(C(=O)n4cnc(C(C)C)c4)c(C)cn3)c2C1,C34
P5-1v2_base_0139,P5-1v2_base,C=CC(=O)N1CC2=CC(C(=O)Nc3cn(C(C)C)cn3)C(=CC=C2)C1,C28
P5-1v2_base_0140,P5-1v2_base,C=CC(=O)N1Cc2cccc(C(=O)Cc3cn(C(C)C)cn3)c2C1,C27
P5-1v2_base_0141,P5-1v2_base,C=CC(=O)N1Cc2cccc(C(=O)Nc3cn(C(CC(F)(F)F)C(F)(F)F)cn3)c2C1,C28
P5-1v2_base_0142,P5-1v2_base,C=CC(=O)N1Cc2cccc(C(=O)Nc3ncn(C(C(C)C)C4CC4)n3)c2C1,C32
P5-1v2_base_0143,P5-1v2_base,C=CC(=O)N1Cc2cccc(C(=O)Nc3cc(C(C)C)cn3C(C)C)c2C1,C32
P5-1v2_base_0144,P5-1v2_base,C=CC(=O)N1Cc2cccc(C(=N)Nc3cn(-c4cnccc4C)cn3)c2C1,C27
P5-1v2_base_0145,P5-1v2_base,C=CC(=O)N1Cc2c(C(=O)Nc3ccccc3)cn(Cc3ccccc3)c2C1,C26
P5-1v2_base_0146,P5-1v2_base,C=CC(=O)N1Cc2cccc(C(C)(C)c3cn(Cc4cccc(=O)o4)cn3)c2C1,C29
P5-1v2_base_0147,P5-1v2_base,C=CC(=O)N1Cc2cccc(C)c2C1=O,C16
P5-1v2_base_0148,P5-1v2_base,C=CC(=O)N1Cc2cccc(C(=O)Nc3cc(C)cnc3C)c2C1,C25
P5-1v2_base_0149,P5-1v2_base,C=CC(=O)N1Cc2cccc(C(=O)Nc3cn(CCc4cccc(F)c4)cn3)c2C1,C28
P5-1v2_base_0150,P5-1v2_base,C=CC(=O)N1Cc2cccc(C(=O)Nc3cn(C(C)=O)cn3)c2C1,C24
P5-1v2_base_0151,P5-1v2_base,C=CC(=O)N1Cc2cccc(C(=O)Nc3cn(C4CCC4)cn3)c2C1,C26
P5-1v2_base_0152,P5-1v2_base,C=CC(=O)NC1=NCCc2cccc(C(=O)Nc3cccc(C)c3)c2N1,C27
P5-1v2_base_0153,P5-1v2_base,C=CC(=O)N1Cc2cccc(C(=O)Nc3cn(C(=O)C(CC(C)C)C(C)(C)O)nn3)c2C1,C39
P5-1v2_base_0154,P5-1v2_base,C=CC(=O)N1Cc2cccc(C(=O)c3cn(Cc4ccccn4)cn3)c2C1,C25
P5-1v2_base_0155,P5-1v2_base,C=CC(=O)N1Cc2cccc(C(=O)Nc3ccc(C(=O)Nc4ncc(C)c(C(C)C)c4C)cn3)c2C1,C38
P5-1v2_base_0156,P5-1v2_base,C=CC(=O)N1Cc2cccc(C(=O)Nc3ccncc3)c2C1,C21
P5-1v2_base_0157,P5-1v2_base,C=CC(=O)N1Cc2cccc(C(=O)Nc3ccc(C(C)C)cn3)c2C1,C27
P5-1v2_base_0158,P5-1v2_base,C=CC(=O)N1Cc2cccc(C(=O)Nc3cn(C(=O)C4CC(=O)N(c5cn(C(C)C)cn5)C4)cn3)c2C1,C38
P5-1v2_base_0159,P5-1v2_base,C=CC(=O)N1CCc2c(cccc2C(=O)Nc2cn(C(C)C)cn2)N1,C27
P5-1v2_base_0160,P5-1v2_base,C=CC(=O)N1Cc2cccc(C(=O)Nc3cn(-c4ccc(C)cn4)nn3)c2C1,C26
P5-1v2_base_0161,P5-1v2_base,C=CC(=O)N1Cc2cccc(C(=O)Nc3cn([C@H](C)C(C)C)cn3)c2C1,C30
P5-1v2_base_0162,P5-1v2_base,C=CC(=O)Nc1cccc(C(=O)Nc2cn(C(C)C)cn2)c1,C24
P5-1v2_base_0163,P5-1v2_base,C=CC(=O)N1Cc2cccc(C(=O)Nc3ccn(C(C)(C)C)c3)c2C1,C28
P5-1v2_base_0164,P5-1v2_base,C=CC(=O)N1CC2=C(C1)N1C=C(N=CC1C(C)c1ccccc1)NC(=O)C(C1CC1)=CN=C2,C36
P5-1v2_base_0165,P5-1v2_base,C=CC(=O)N1Cc2cccc(CC(=O)Nc3cn(C(C)C)c4cnc(C(F)F)cc34)c2C1,C32
P5-1v2_base_0166,P5-1v2_base,C=CC(=O)N1Cc2ccccc2[C@H]1C(=O)N1CNc2ccccc2C1,C24
P5-1v2_base_0167,P5-1v2_base,C=CC(=O)N1Cc2cccc(C(=O)Nc3ccc(C(C)C(C)C)nc3)c2C1,C31
P5-1v2_base_0168,P5-1v2_base,C=CC(=O)N1Cc2c(C)cccc2C(Nc2cn(C(C)C)cn2)C1,C28
P5-1v2_base_0169,P5-1v2_base,C=CC(=O)N1Cc2cccc(C(=O)Nc3cn(C(=O)CCl)cn3)c2C1,C24
P5-1v2_base_0170,P5-1v2_base,C=CC(=O)N1Cc2cccc(-n3cnc(Nc4ccn(C(C)C)c4)n3)c2C1,C27
P5-1v2_base_0171,P5-1v2_base,C=CC(=O)N1Cc2cccc(C(=O)Nc3cc(C4(C)CC(C)(C)C4C(F)(F)F)c(F)cn3)c2C1,C35
P5-1v2_base_0172,P5-1v2_base,C=CC(=O)N1Cc2ccc(C(=O)Nc3cn(C(=O)C(C)C)cn3)cc2C1,C28
P5-1v2_base_0173,P5-1v2_base,C=CC(=O)N1Cc2ccc(C(=O)c3cncn3C(=O)c3cn(C4CCC4)cn3)cc21,C28
P5-1v2_base_0174,P5-1v2_base,C=CC(=O)NCc1cccc(C(=O)Nc2cccc(C(=O)Nc3cn(C(C)C)cn3)c2)c1,C33
P5-1v2_base_0175,P5-1v2_base,C=CC(=O)N1Cc2cccc(C(=O)Nc3cn(C(=O)C=C)cn3)c2C1,C24
P5-1v2_base_0176,P5-1v2_base,C=CC(=O)N1Cc2cccc(C(=O)Nc3cc(C)ccn3)c2CN(C(=O)C(C)C)C1,C34
P5-1v2_base_0177,P5-1v2_base,C=CC(=O)N1Cc2cccc(C)c2C1c1cnccc1CNc1cn(C(C)=O)cn1,C30
P5-1v2_base_0178,P5-1v2_base,C=CC(=O)N1Cc2cccc(C(=O)Nc3cc(C(C)(C)C)n(C)c3)c2C1,C30
P5-1v2_base_0179,P5-1v2_base,C=CC(=O)Nc1cn([C@H](C)C(=O)Nc2cccc(C)c2)c2cnc(C)c(C)c12,C30
P5-1v2_base_0180,P5-1v2_base,C=CC(=O)N1Cc2cccc(C(=O)Nc3cn(C(C)CC)nc3C)c2C1,C30
P5-1v2_base_0181,P5-1v2_base,C=CC(=O)N1Cc2cccc(C(=O)Nc3cnnc(C(C)C)c3)c2C1,C27
P5-1v2_base_0182,P5-1v2_base,C=CC(=O)N1Cc2cccc(C(=O)Nc3cn(C(=O)NC(C)=O)cn3)c2C1,C27
P5-1v2_base_0183,P5-1v2_base,C=CC(=O)N1CCc2c(cccc2Nc2cncc(NC(=O)c3cn(C(C)C)cn3)n2)C1,C33
P5-1v2_base_0184,P5-1v2_base,C=CC(=O)N1Cc2cccc(C(=O)Nc3cnc(C(C)=O)cn3)c2C1,C25
P5-1v2_base_0185,P5-1v2_base,C=CC(=O)N1Cc2cccc(C(=O)Nc3cn(CC4CC4c4ccccc4)cn3)c2C1,C30
P5-1v2_base_0186,P5-1v2_base,C=CC(=O)N1Cc2cccc(C(=O)Nc3cn(C(=O)CCOC(C)C)cn3)c2C1,C33
P5-1v2_base_0187,P5-1v2_base,C=CC(=O)N1Cc2cccc(C(=O)Nc3cn(C(=O)CC(=O)N4Cc5ccccc5CC4N)cn3)c2C1,C36
P5-1v2_base_0188,P5-1v2_base,C=CC(=O)N1Cc2cccc(C(=O)Nc3cn(C4CC(C)C4)cn3)c2C1,C28
P5-1v2_base_0189,P5-1v2_base,C=CC(=O)N(Cc1cccc(C)c1)c1cccc(C(=O)Nc2cnc(C(C)C)cn2)c1,C33
P5-1v2_base_0190,P5-1v2_base,C=CC(=O)N1Cc2cccc(C(=O)Nc3cc(C)n(-c4ncn(C)n4)c3)c2C1,C27
P5-1v2_base_0191,P5-1v2_base,C=CC(=O)Nc1cccc(C(=O)N2Cc3ccccc3C2=O)c1,C21
P5-1v2_base_0192,P5-1v2_base,C=CC(=O)N1Cc2cccc(C(=O)Nc3cnn([C@@H]4[C@H](COc5c(C)cc(F)cc5C)CN4C)c3)c2C1,C38
P5-1v2_base_0193,P5-1v2_base,C=CC(=O)N1Cc2cccc(C(=O)Nc3cn4c(n3)C(C)(C)C(=O)N4)c2C1,C27
P5-1v2_base_0194,P5-1v2_base,C=CC(=O)N1Cc2cccc(C(=O)Nc3cn(C(C)CO)cn3)c2C1,C27
P5-1v2_base_0195,P5-1v2_base,C=CC(=O)N1Cc2cccc(C(=O)Nc3cn([C@H](C)[C@@H](C)F)cn3)c2C1,C28
P5-1v2_base_0196,P5-1v2_base,C=CC(=O)N1Cc2cccc(C(=O)Nc3cnc(CC(=O)NC(C4CCC4)C(C)(C)C)cn3)c2C1,C42
P5-1v2_base_0197,P5-1v2_base,C=CC(=O)N1Cc2cccc(C(=O)Nc3cn([C@@H](C)CC)cn3)c2C1,C28
P5-1v2_base_0198,P5-1v2_base,C=CC(=O)N1CC2=C[C@H](Nc3cnn(C(C)C)c3)C(=CC=C2)C1,C26
P5-1v2_base_0199,P5-1v2_base,C=CC(=O)N1CC(=O)c2c(cccc2C(=O)Nc2cnccn2)C1,C23
P5-1v2_base_0200,P5-1v2_base,C=CC(=O)N1Cc2cccc(C(=O)Nc3cn(C(=O)C4CC4)cn3)c2C1,C26
P5-1v2_base_0201,P5-1v2_base,C=CC(=O)N1Cc2cccc(C(=O)Nc3cn([C@H](C)C(=O)Oc4ccccc4)cn3)c2C1,C31
P5-1v2_base_0202,P5-1v2_base,C=CC(=O)N1Cc2cccc(C(=O)Nc3cn(C4CCCC4)cn3)c2C1,C28
P5-1v2_base_0203,P5-1v2_base,C=CC(=O)N(c1cccc(C)c1C)[C@H](C)c1ccn(C(=O)CCc2ccccc2)n1,C33
P5-1v2_base_0204,P5-1v2_base,C=CC(=O)N1Cc2cccc(C(=O)Nc3cn(C4CCN(C(C)=O)CC4)cn3)c2C1,C33
P5-1v2_base_0205,P5-1v2_base,C=CC(=O)N1COCc2c(cccc2C(=O)c2cn(C(C)C)cn2)C1,C28
P5-1v2_base_0206,P5-1v2_base,C=CC(=O)N1Cc2cccc(C(=O)Nc3cn([C@H](C)[C@@H](C(=O)[C@H](C)CF)C(F)F)cn3)c2C1,C36
P5-1v2_base_0207,P5-1v2_base,C=CC(=O)N1Cc2cccc(C(=O)Nc3cn(C(=O)NC(C)C(=C)CO)cn3)c2C1,C32
P5-1v2_base_0208,P5-1v2_base,C=CC(=O)N1Cc2cccc(C(=O)Nc3cn(C(=O)Nc4ccc(C(F)(F)F)cc4)cn3)c2C1,C29
P5-1v2_base_0209,P5-1v2_base,C=CC(=O)N1Cc2cccc(C(=O)Nc3cn(C(C)(C)C)nn3)c2C1,C28
P5-1v2_base_0210,P5-1v2_base,C=CC(=O)N1Cc2cccc(C(=O)Nc3cn(C(=O)C=CN(C(=O)NC)C(C)C)cc3C)c2C1,C38
P5-1v2_base_0211,P5-1v2_base,C=CC(=O)N1Cc2cccc(C(=O)Nc3cn(-c4ccccn4)cn3)c2C1,C24
P5-1v2_base_0212,P5-1v2_base,C=CC(=O)N1Cc2cccc(C(=O)Nc3cn(C(=O)C(C)(C)C)cn3)c2C1,C30
P5-1v2_base_0213,P5-1v2_base,C=CC(=O)N1Cc2cccc(C(=O)Nc3cn(C(=O)CBr)cn3)c2C1,C24
P5-1v2_base_0214,P5-1v2_base,C=CC(=O)N1Cc2cccc(C(=O)Nc3cc(N)cn3C(=O)c3cccn3C(C)C)c2C1,C32
P5-1v2_base_0215,P5-1v2_base,C=CC(=O)N1Cc2ccc(C(=O)Nc3cnc4[nH]ncc4c3)cc2C1,C22
P5-1v2_base_0216,P5-1v2_base,C=CC(=O)N1Cc2cccc(C(=O)Nc3ccnn3C)c2C1,C22
P5-1v2_base_0217,P5-1v2_base,C=CC(=O)N1Cc2cccc(C(=O)Nc3cn(C(=O)NC(C)(C)C)cn3)c2C1,C31
P5-1v2_base_0218,P5-1v2_base,C=CC(=O)N1Cc2cccc(CN(Cc3ccccc3)C(=O)Nc3cn(C(C)C)cn3)c2C1,C35
P5-1v2_base_0219,P5-1v2_base,C=CC(=O)N1Cc2cccc(C(=O)Nc3cn(C(=O)Nc4cccc(C(F)C(=O)C(C)(F)F)c4)cn3)c2C1,C35
P5-1v2_base_0220,P5-1v2_base,C=CC(=O)NCc1cccc(C(=O)Nc2cn(C(C)C)cn2)c1,C26
P5-1v2_base_0221,P5-1v2_base,C=CC(=O)N1Cc2ccc(C(=O)Nc3cn(C(=O)C(C)C)cn3)cc21,C26
P5-1v2_base_0222,P5-1v2_base,C=CC(=O)N1Cc2ccc(C(=O)Nc3cn([C@H](C)CO)cn3)cc2C1,C27
P5-1v2_base_0223,P5-1v2_base,C=CC(=O)N1Cc2cccc(C(=O)Nc3cc(Cl)n(C)c3)c2C1,C22
P5-1v2_base_0224,P5-1v2_base,C=CC(=O)N1Cc2cccc(C(=O)Nc3cn([C@H](C)Cc4ccccn4)cn3)c2C1,C30
P5-1v2_base_0225,P5-1v2_base,C=CC(=O)NC(=O)c1cccc(C(=O)Nc2cn(C(C)C)cn2)c1,C26
P5-1v2_base_0226,P5-1v2_base,C=CC(=O)N1Cc2cccc(C(=O)Nc3cn([C@H](C)c4cn(CC(C)CC)o4)cn3)c2C1,C36
P5-1v2_base_0227,P5-1v2_base,C=CC(=O)N1Cc2cccc(C(=O)Nc3cn(C(=O)c4cccc(C)c4)nc3C)c2C1,C30
P5-1v2_base_0228,P5-1v2_base,C=CC(=O)N1Cc2cccc(C(=O)Nc3cn([C@H](c4ccccc4)C(C)(C)C)cn3)c2C1,C34
P5-1v2_base_0229,P5-1v2_base,C=CC(=O)N1CC2=CN(c3cn(C(C)C)cn3)C(=O)C(=CC=C2)C1,C26
P5-1v2_base_0230,P5-1v2_base,C=CC(=O)N1Cc2cccc(C(=O)Nc3cnn(C)c3C)c2C1,C24
P5-1v2_base_0231,P5-1v2_base,C=CC(=O)N1Cc2cccc(C(=O)Nc3ccc(C)cn3)c2C1,C23
P5-1v2_base_0232,P5-1v2_base,C=CC(=O)N1Cc2cccc(C(=O)Nc3cn(C(=O)c4ccc(C#N)cc4)cn3)c2C1,C27
P5-1v2_base_0233,P5-1v2_base,C=CC(=O)N1CCc2c(cccc2C(=O)Nc2ccn(C(C)CC)c2)C1,C30
P5-1v2_base_0234,P5-1v2_base,C=CC(=O)N1Cc2cccc(C(=O)Nc3cn(C)c(C)n3)c2C1,C24
P5-1v2_base_0235,P5-1v2_base,C=CC(=O)N1Cc2cccc(C(=O)Nc3cnn(C(C)C(C)=O)c3)c2C1,C28
P5-1v2_base_0236,P5-1v2_base,C=CC(=O)N1Cc2cccc(C(=O)Nc3cn(C(C(C)C)C(O)C(C)C)cn3)c2C1,C37
P5-1v2_base_0237,P5-1v2_base,C=CC(=O)N1Cc2cccc(C(N)=O)c2C1,C17
P5-1v2_base_0238,P5-1v2_base,C=CC(=O)N1Cc2cccc(C(=O)Nc3cccc(C(=O)Nc4cc(C(CF)C(F)F)nn4C(C)C)c3)c2C1,C39
P5-1v2_base_0239,P5-1v2_base,C=CC(=O)N1Cc2ccc(C(=O)Nc3cn(C(F)(F)F)cn3)cc2C1,C22
P5-1v2_base_0240,P5-1v2_base,C=CC(=O)N1Cc2cccc(C(=O)Nc3cnn(C4CC=CC4)c3)c2C1,C26
P5-1v2_base_0241,P5-1v2_base,C=CC(=O)N1Cc2cccc(C(=O)c3cn(C(=O)Nc4ncn(CC(C)CC)n4)cn3)c2C1,C35
P5-1v2_base_0242,P5-1v2_base,C=CC(=O)N1CC2=CN3C=C(N=C[C@H]3C(C)C)NC(=O)C(=CC=C2)C1,C29
P5-1v2_base_0243,P5-1v2_base,C=CC(=O)Nc1cncc(N2CCc3cccc(C(=O)[C@H](C)Nc4cn(C(C)C)cn4)c3C2)c1,C37
P5-1v2_base_0244,P5-1v2_base,C=CC(=O)N1Cc2cccc(C(=O)Nc3cccn3C(C)=O)c2C1,C24
P5-1v2_base_0245,P5-1v2_base,C=CC(=O)N1Cc2cccc(CNc3cn(C)cn3)c2[C@H]1C#N,C23
P5-1v2_base_0246,P5-1v2_base,C=CC(=O)N1Cc2c(C(=O)Nc3cn(C(C)C)cn3)cccc21,C24
P5-1v2_base_0247,P5-1v2_base,C=CC(=O)N1Cc2cccc(C(=O)Nc3cnn(C(C)C(C)(C)C)c3)c2C1,C32
P5-1v2_base_0248,P5-1v2_base,C=CC(=O)N1Cc2cccc(C(=O)Nc3cn(CC(C)=O)cn3)c2C1,C26
P5-1v2_base_0249,P5-1v2_base,C=CC(=O)N1Cc2cccc(C(=O)Nc3cn(C(=O)CCCN4CCOCC4)cn3)c2C1,C36
P5-1v2_base_0250,P5-1v2_base,C=CC(=O)N1Cc2cccc(C(=O)Nc3cc(C)c(C(=O)N(C)C)nn3)c2C1,C30
P5-1v2_base_0251,P5-1v2_base,C=CC(=O)N1Cc2cccc(C(=O)c3cnn(C(C)C)c3)c2C1,C25
P5-1v2_base_0252,P5-1v2_base,C=CC(=O)N1C=C2C=CC=C(Cc3c(cnn3C(N)c3ccccc3)NC2=O)C1,C27
P5-1v2_base_0253,P5-1v2_base,C=CC(=O)N1CC2=CC(C(=O)Nc3cc(C(=O)Nc4ccc(C)nc4)c(C)o3)=C2C1,C29
P5-1v2_base_0254,P5-1v2_base,C=CC(=O)N1Cc2cccc(C)c2C1Nc1cnn([C@H](C)c2cccc(C(=O)Nc3ncn(C)n3)c2)c1,C36
P5-1v2_base_0255,P5-1v2_base,C=CC(=O)N1CCc2cc(C(=O)Nc3cnn(C(C)C)c3)ccc2C1C,C30
P5-1v2_base_0256,P5-1v2_base,C=CC(=O)N1Cc2cccc(C(=O)NCc3ccn[nH]3)c2C1,C22
P5-1v2_base_0257,P5-1v2_base,C=CC(=O)N1Cc2cccc(C(=O)Nc3cn(C(C)C)cn3)c2C1=O,C26
P5-1v2_base_0258,P5-1v2_base,C=CC(=O)N1Cc2ccccc2CC1Nc1cn(C(C)C)cn1,C26
P5-1v2_base_0259,P5-1v2_base,C=CC(=O)N1Cc2cccc(C(=O)Nc3cncnc3)c2C1,C21
P5-1v2_base_0260,P5-1v2_base,C=CC(=O)N1Cc2cccc(C(=O)Nc3cn(CNC(C)c4cnccn4)cn3)c2C1,C31
P5-1v2_base_0261,P5-1v2_base,C=CC(=O)N1Cc2cccc(C(=O)Nc3cn([C@H](C)C(=O)OCC(F)F)cn3)c2C1,C31
P5-1v2_base_0262,P5-1v2_base,C=CC(=O)N1Cc2cccc(C(=O)Nc3cn(C(C(=O)O)C(C)(C)C)cn3)c2C1,C33
P5-1v2_base_0263,P5-1v2_base,C=CC(=O)N1CC2=C(C1)[C@@H](C(=O)Nc1cn(C(C)C)nn1)C(C)=CC=C2,C30
P5-1v2_base_0264,P5-1v2_base,C=CC(=O)N1Cc2cccc(C(=O)Nc3cnccn3)c2C1,C21
P5-1v2_base_0265,P5-1v2_base,C=CC(=O)N1Cc2ccccc2C1CNc1cccc(C(=O)Nc2cn(C(C)C)nc2C(C)C)c1,C39
P5-1v2_base_0266,P5-1v2_base,C=CC(=O)N1Cc2cccc(C(=O)Nc3cnn(C(C(C)C)C(C)C)c3)c2C1,C34
P5-1v2_base_0267,P5-1v2_base,C=CC(=O)N1Cc2cccc(C(=O)Nc3cn(C(C)Nc4ccc(F)cn4)cn3)c2C1,C29
P5-1v2_base_0268,P5-1v2_base,C=CC(=O)N1Cc2cccc(C(=O)Nc3cn(C(C)C)nc3CC)c2[C@H]1C,C32
P5-1v2_base_0269,P5-1v2_base,C=CC(=O)N1Cc2cccc(C(=O)Nc3cn(C(=O)N4CCC(F)CC4(C)C)cn3)c2C1,C35
P5-1v2_base_0270,P5-1v2_base,C=CC(=O)N1Cc2cccc(C(=O)Nc3cn(C(C)C)cn3)c2[C@@H]1C,C28
P5-1v2_base_0271,P5-1v2_base,C=CC(=O)N1Cc2cccc(C(=O)Nc3cc(C)nn3C(=O)c3cccnc3)c2C1,C28
P5-1v2_base_0272,P5-1v2_base,C=CC(=O)N1Cc2cccc(C(=O)Nc3cn4c(C)cn(C(C)C)c4n3)c2C1,C29
P5-1v2_base_0273,P5-1v2_base,C=CC(=O)N1Cc2cccc(C(=O)Nc3cn(C4CCNC4)cn3)c2C1,C27
P5-1v2_base_0274,P5-1v2_base,C=CC(=O)N1Cc2ccc(C(=O)Nc3cn([C@@H](C)C(F)(F)F)cn3)cc2C1,C26
P5-1v2_base_0275,P5-1v2_base,C=CC(=O)N1Cc2cccc(C(=O)Nc3ncn(C(C)(C)C)n3)c2C1,C28
P5-1v2_base_0276,P5-1v2_base,C=CC(=O)N1Cc2cccc(C(=O)Nc3ncn([C@H](C)C(C)(C)C)c3C)c21,C32
P5-1v2_base_0277,P5-1v2_base,C=CC(=O)N1Cc2cccc(C(=O)Nc3cn([C@H](CO)CC(C)C)cn3)c2C1,C33
P5-1v2_base_0278,P5-1v2_base,C=CC(=O)N1Cc2cccc(C(=O)Nc3cn(C(C)(C)C)c(C)n3)c2C1,C30
P5-1v2_base_0279,P5-1v2_base,C=CC(=O)N1Cc2cccc(C(C)C(=O)Nc3ccc(C(=O)Nc4ncc(C(C)C)n4C)cc3)c2C1,C39
P5-1v2_base_0280,P5-1v2_base,C=CC(=O)N(Cc1cccc(C(=O)Nc2cn(C(C)C)cn2)c1)C1CCOCC1,C35
P5-1v2_base_0281,P5-1v2_base,C=CC(=O)N1Cc2cccc(C#N)c2[C@@H]1C(=O)Nc1cnc(C(C)C)cn1,C28
P5-1v2_base_0282,P5-1v2_base,C=CC(=O)N1Cc2cccc(C(=O)NC3=CN(C4NC(C#N)C4(C)C)C3)c2C1,C30
P5-1v2_base_0283,P5-1v2_base,C=CC(=O)N1Cc2cccc(C(=O)Nc3cc(C(C)(C)C)n(C)n3)c2C1,C30
P5-1v2_base_0284,P5-1v2_base,C=CC(=O)N1Cc2cccc(C(=O)C(=O)Nc3cnc4cc(N5CSCC5=O)cnc4c3)c2C1,C31
P5-1v2_base_0285,P5-1v2_base,C=CC(=O)N1Cc2cccc(C(=O)Nc3cn(C4(c5ccccc5)CCC4)cn3)c2C1,C30
P5-1v2_base_0286,P5-1v2_base,C=CC(=O)N1Cc2cccc(C(=O)Nc3cn([C@@H]4C(=O)Cc5cc(C)ccc54)cn3)c2C1,C30
P5-1v2_base_0287,P5-1v2_base,C=CC(=O)N1Cc2cccc(C(=O)Nc3cn(C4CCOCC4)cn3)c2C1,C29
P5-1v2_base_0288,P5-1v2_base,C=CC(=O)N1Cc2cccc(C(=O)Nc3cn(C(C)(C)n4ccnc4)c4ccccc34)c2C1,C31
P5-1v2_base_0289,P5-1v2_base,C=CC(=O)N1Cc2cccc(C(=O)Nc3cn(C(=O)Cc4ccccc4)cn3)c2C1,C28
P5-1v2_base_0290,P5-1v2_base,C=CC(=O)N1CC2=C(C=C(C(C)C)C(=O)NC3=CN(C=C2)C(C(C)C)C=N3)C1,C35
P5-1v2_base_0291,P5-1v2_base,C=CC(=O)N1Cc2cccc(C(=O)c3cn(C(C)C)cn3)c2C1,C25
P5-1v2_base_0292,P5-1v2_base,C=CC(=O)N1Cc2cc(C(=O)Nc3cn(C(C)C)cn3)cc(C(=O)N(C)C)c2C1,C33
P5-1v2_base_0293,P5-1v2_base,C=CC(=O)N1Cc2ccc(C(=O)Nc3cnn([C@H](C)C[C@H](O)CC)c3)cc2C1,C33
P5-1v2_base_0294,P5-1v2_base,C=CC(=O)N1Cc2cccc(CC(=O)Nc3cn(C(=O)Nc4cncnc4)c4ccccc34)c2C1,C31
P5-1v2_base_0295,P5-1v2_base,C=CC(=O)N1CC2=CN3C=C(CCC(C)C3C)NC(=O)C(=CC=C2)C1,C30
P5-1v2_base_0296,P5-1v2_base,C=CC(=O)N1Cc2cccc(C(=O)Nc3cn([C@H](C)c4cnccn4)cn3)c2C1,C28
P5-1v2_base_0297,P5-1v2_base,C=CC(=O)N1Cc2cccc(C(=O)Nc3cnn(C(=O)c4ccc(C(F)(F)F)cc4)c3)c2C1,C28
P5-1v2_base_0298,P5-1v2_base,C=CC(=O)N1Cc2cccc(C(=O)Nc3ccn(C4CCc5c(cccc5OC)N4)c3)c2C1,C32
P5-1v2_base_0299,P5-1v2_base,C=CC(=O)N1Cc2cccc(C(=O)Nc3cccnc3)c2C1,C21
P6-POSENOISE_s03_0000,P6-POSENOISE_s03,C=CC(=O)N1Cc2cccc(C(=O)Nc3cn(C(C)C)cn3)c2C1,C26
P6-POSENOISE_s03_0001,P6-POSENOISE_s03,C=CC(=O)N1Cc2cccc(C(=O)Nc3cn(C)cn3)c2C1,C22
P6-POSENOISE_s03_0002,P6-POSENOISE_s03,C=CC(=O)N1Cc2cccc(C(=O)Nc3cn(C4CC4)cn3)c2C1,C24
P6-POSENOISE_s03_0003,P6-POSENOISE_s03,C=CC(=O)N1Cc2cccc(C(=O)Nc3cnn(C)c3)c2C1,C22
P6-POSENOISE_s03_0004,P6-POSENOISE_s03,C=CC(=O)N1Cc2cccc(NC(=O)c3cn(CC)cn3)c2C1,C24
P6-POSENOISE_s03_0005,P6-POSENOISE_s03,C=CC(=O)N1Cc2cccc(C(=O)Nc3cn(C4CCN(C)C4)cn3)c2C1,C29
P6-POSENOISE_s03_0006,P6-POSENOISE_s03,C=CC(=O)N1Cc2cc(F)ccc2C1=O,C14
P6-POSENOISE_s03_0007,P6-POSENOISE_s03,C=CC(=O)N1Cc2cccc(C(=N)Nc3cn(C(C)(C)C)cn3)c2C1,C29
P6-POSENOISE_s03_0008,P6-POSENOISE_s03,C=CC(=O)N1Cc2cccc(C(=O)Nc3cc(-c4cccc(F)c4)ncn3)c2C1,C25
P6-POSENOISE_s03_0009,P6-POSENOISE_s03,C=CC(=O)N1Cc2cccc([C@@H](O)C(=O)Nc3cn([C@@H]4CN=C(C)C4)cn3)c2C1,C32
P6-POSENOISE_s03_0010,P6-POSENOISE_s03,C=CC(=O)N1Cc2cccc(C(=O)Nc3cn([C@@H]4CNC[C@H](C)C4)cn3)c2C1,C31
P6-POSENOISE_s03_0011,P6-POSENOISE_s03,C=CC(=O)N1Cc2ccc(C(=O)Nc3cn([C@H](C)Nc4cn(C)cn4)cn3)cc2C1,C30
P6-POSENOISE_s03_0012,P6-POSENOISE_s03,C=CC(=O)N1Cc2cccc(C(=O)N(C)c3cn(C(C)=O)cn3)c2C1,C26
P6-POSENOISE_s03_0013,P6-POSENOISE_s03,C=CC(=O)N1Cc2cccc(C(=O)Nc3ncn(C)c3CC(C)(C)C)c2C1,C32
P6-POSENOISE_s03_0014,P6-POSENOISE_s03,C=CC(=O)N1Cc2cccc(C(=O)Nc3cnn(CC(C)C)c3)c2C1,C28
P6-POSENOISE_s03_0015,P6-POSENOISE_s03,C=CC(=O)N1Cc2cccc(C(=O)Nc3cn(C(C)=O)cn3)c2C1,C24
P6-POSENOISE_s03_0016,P6-POSENOISE_s03,C=CC(=O)N1Cc2cccc(C(=O)Nc3coc(C(C)(C)C)n3)c2C1,C28
P6-POSENOISE_s03_0017,P6-POSENOISE_s03,C=CC(=O)N1Cc2cccc(C(=O)Nc3nccn3C)c2C1,C22
P6-POSENOISE_s03_0018,P6-POSENOISE_s03,C=CC(=O)N1Cc2cccc(C(=O)NCc3cn(C(C)C)nn3)c2C1,C28
P6-POSENOISE_s03_0019,P6-POSENOISE_s03,C=CC(=O)N1Cc2cccc(C(=O)Nc3cn([C@H]4C[CH]NC[C@H](C)C4)cn3)c2C1,C33
P6-POSENOISE_s03_0020,P6-POSENOISE_s03,C=CC(=O)N1Cc2cccc(C(=O)Nc3cn(Cc4cc(C)ccn4)cn3)c2C1,C28
P6-POSENOISE_s03_0021,P6-POSENOISE_s03,C=CC(=O)N1Cc2cccc(C(=O)Nc3cn(C)nc3C)c2C1,C24
P6-POSENOISE_s03_0022,P6-POSENOISE_s03,C=CC(=O)N1Cc2ccc(C(=O)c3cccc(C(=O)Nc4ccnn4C)c3)cc2C1,C28
P6-POSENOISE_s03_0023,P6-POSENOISE_s03,C=CC(=O)N1Cc2cccc(C(=O)Nc3cnn([C@H]4C[C@H](O)CN4)c3)c2C1,C28
P6-POSENOISE_s03_0024,P6-POSENOISE_s03,C=CC(=O)N1Cc2ccc(Cc3cn(Nc4cn(C)c(C)n4)cn3)cc2C1,C27
P6-POSENOISE_s03_0025,P6-POSENOISE_s03,C=CC(=O)N1Cc2cccc(C(=O)Nc3cn(C4CC(C)CN4)cn3)c2C1,C29
P6-POSENOISE_s03_0026,P6-POSENOISE_s03,C=CC(=O)N1Cc2cccc(C(=O)Nc3cc(C(C)(C)C)n[nH]3)c2C1,C28
P6-POSENOISE_s03_0027,P6-POSENOISE_s03,C=CC(=O)N1c2cccc(C(=O)Nc3ncn(CC)c3C)c2C[C@H]1C,C28
P6-POSENOISE_s03_0028,P6-POSENOISE_s03,C=CC(=O)N1Cc2cccc(C(=O)Nc3cn([C@H](O)C(F)F)cn3)c2C1,C25
P6-POSENOISE_s03_0029,P6-POSENOISE_s03,C=CC(=O)N1Cc2cccc(C(=O)Nc3cn([C@H](C)C(F)F)cn3)c2C1,C26
P6-POSENOISE_s03_0030,P6-POSENOISE_s03,C=CC(=O)N1Cc2cccc(C(=O)Nc3cn(-c4cncc(C(C)(C)C)c4)cn3)c2C1,C32
P6-POSENOISE_s03_0031,P6-POSENOISE_s03,C=CC(=O)N1Cc2cc(Br)cc(C(=O)Nc3cn(C)cn3)c2C1,C22
P6-POSENOISE_s03_0032,P6-POSENOISE_s03,C=CC(=O)N1Cc2cccc(C(=O)Nc3cn(Cc4cccc(C(F)(F)F)c4)cn3)c2C1,C28
P6-POSENOISE_s03_0033,P6-POSENOISE_s03,C=CC(=O)N1Cc2cccc(C(=O)N(c3cn(C(C)C)cn3)C(C)(C)C)c2C1,C34
P6-POSENOISE_s03_0034,P6-POSENOISE_s03,C=CC(=O)N1Cc2cccc(C(=O)Nc3cn([C@H](C)CO)cn3)c2C1,C27
P6-POSENOISE_s03_0035,P6-POSENOISE_s03,C=CC(=O)N1Cc2ccc(C(=O)Nc3cn(C(C)C)cn3)cc2C1,C26
P6-POSENOISE_s03_0036,P6-POSENOISE_s03,C=CC(=O)N1Cc2cccc(C(=O)Nc3cn(C(C)C(C)(C)C)cn3)c2C1,C32
P6-POSENOISE_s03_0037,P6-POSENOISE_s03,C=CC(=O)N1Cc2cccc(C(=O)Nc3cn(C4CCCC4)cn3)c2C1,C28
P6-POSENOISE_s03_0038,P6-POSENOISE_s03,C=CC(=O)N1Cc2cccc(CN3CCc4ccccc43)c2C1,C23
P6-POSENOISE_s03_0039,P6-POSENOISE_s03,C=CC(=O)N1Cc2cccc(C(=O)Nc3cn([C@H]4CN(C(=O)OC)CCO4)cn3)c2C1,C33
P6-POSENOISE_s03_0040,P6-POSENOISE_s03,C=CC(=O)N1Cc2cccc(C(=O)Nc3cnn(C(C)C)c3)c2C1,C26
P6-POSENOISE_s03_0041,P6-POSENOISE_s03,C=CC(=O)N1Cc2cccc(C(=O)Nc3cn([C@H]4CC(F)(F)C[C@@H]4C)cn3)c2C1,C30
P6-POSENOISE_s03_0042,P6-POSENOISE_s03,C=CC(=O)N1Cc2cccc(C(=O)NC(C)(C)C)c2C1,C25
P6-POSENOISE_s03_0043,P6-POSENOISE_s03,C=CC(=O)N1Cc2cccc(C(=O)Nc3cn(C)cc3C)c2C1,C24
P6-POSENOISE_s03_0044,P6-POSENOISE_s03,C=CC(=O)N1Cc2cccc(C(=O)Nc3cc(C)cc(C(C)(C)C)c3)c2C1,C31
P6-POSENOISE_s03_0045,P6-POSENOISE_s03,C=CC(=O)N1Cc2cccc(C(=O)Nc3cc(C(=N)Nc4cc(C(C)(C)C)no4)ccn3)c2C1,C36
P6-POSENOISE_s03_0046,P6-POSENOISE_s03,C=CC(=O)N1Cc2cccc(C(=O)Nc3cn4cccc(C(F)(F)F)c4n3)c2C1,C24
P6-POSENOISE_s03_0047,P6-POSENOISE_s03,C=CC(=O)N1Cc2c(C(=O)Nc3cncn3Cc3ccc(C)cc3)cccc2C1=O,C28
P6-POSENOISE_s03_0048,P6-POSENOISE_s03,C=CC(=O)N1Cc2cccc(Nc3cn(C)cn3)c2C1,C20
P6-POSENOISE_s03_0049,P6-POSENOISE_s03,C=CC(=O)N1Cc2cccc(C(=O)Nc3cc(C(=O)Nc4cccnc4)n(C(C)C)c3)c2C1,C33
P6-POSENOISE_s03_0050,P6-POSENOISE_s03,C=CC(=O)N1Cc2ccc(COc3cc(=O)n(C)c(CO)n3)cc2C1,C26
P6-POSENOISE_s03_0051,P6-POSENOISE_s03,C=CC(=O)N1Cc2cccc(C(=O)Nc3cn(Cc4ccc(F)cc4)cn3)c2C1,C26
P6-POSENOISE_s03_0052,P6-POSENOISE_s03,C=CC(=O)N1Cc2cccc(C(=O)Nc3cn([C@H]4C[C@H](CN5CCOCC5)[C@H](O)C4)nn3)c2C1,C39
P6-POSENOISE_s03_0053,P6-POSENOISE_s03,C=CC(=O)N1C=C2C=CC=C(C1)N(C(C)=O)C2NCc1cncn1CCCCF,C33
P6-POSENOISE_s03_0054,P6-POSENOISE_s03,C=CC(=O)N1Cc2cccc(C(=O)Nc3cc(C)no3)c2C1=O,C22
P6-POSENOISE_s03_0055,P6-POSENOISE_s03,C=CC(=O)N1Cc2cccc(C(=O)Nc3cn([C@H]4CCCNC4)cn3)c2C1,C29
P6-POSENOISE_s03_0056,P6-POSENOISE_s03,C=CC(=O)N1Cc2cccc(C(=O)Nc3nccn3C(C)(C)C)c2C1,C28
P6-POSENOISE_s03_0057,P6-POSENOISE_s03,C=CC(=O)N1Cc2cccc(C(=O)Nc3cn(CC(C)C)cn3)c2C1,C28
P6-POSENOISE_s03_0058,P6-POSENOISE_s03,C=CC(=O)N1Cc2cccc(C(=O)Nc3cn(C4CC=CNC4)cn3)c2C1,C27
P6-POSENOISE_s03_0059,P6-POSENOISE_s03,C=CC(=O)N1Cc2cccc(C(=O)Nc3cc(F)ccn3)c2C1,C21
P6-POSENOISE_s03_0060,P6-POSENOISE_s03,C=CC(=O)N1Cc2cccc(C(=O)Nc3cn(-c4cnc(Cl)nc4)cn3)c2C1,C24
P6-POSENOISE_s03_0061,P6-POSENOISE_s03,C=CC(=O)N1Cc2cccc(C(=O)Nc3cn(C4(C)CC(C(=O)NCc5ccccc5)C4)cn3)c2C1,C37
P6-POSENOISE_s03_0062,P6-POSENOISE_s03,C=CC(=O)N1Cc2cccc(C(=O)Nc3cn(C4CCNCC4)cn3)c2C1,C29
P6-POSENOISE_s03_0063,P6-POSENOISE_s03,C=CC(=O)N1Cc2cccc(C(=O)Nc3cn([C@@H]4CC(C)C[C@H](N(C)C)C4)cn3)c2C1,C37
P6-POSENOISE_s03_0064,P6-POSENOISE_s03,C=CC(=O)N1Cc2cccc(C(=O)N(C(=O)NC)c3cn(C(C)C)cn3)c2C1,C31
P6-POSENOISE_s03_0065,P6-POSENOISE_s03,C=CC(=O)N1Cc2cccc(C(=O)Nc3cn([C@H]4C[C@](C)(F)C4)cn3)c2C1,C28
P6-POSENOISE_s03_0066,P6-POSENOISE_s03,C=CC(=O)N1Cc2cccc(C(=O)Nc3cn(C4CC(C(=O)CO)C4)cn3)c2C1,C31
P6-POSENOISE_s03_0067,P6-POSENOISE_s03,C=CC(=O)N1Cc2cccc(C(=O)Nc3cn(SCC(=O)N(C)C)cn3)c2C1,C30
P6-POSENOISE_s03_0068,P6-POSENOISE_s03,C=CC(=O)N1Cc2cccc(C(=O)Nc3cn(C(=O)OC)cn3)c2C1,C25
P6-POSENOISE_s03_0069,P6-POSENOISE_s03,C=CC(=O)N1Cc2ccccc2C1C(=O)Nc1cn(Cc2cccc(C)c2)cn1,C28
P6-POSENOISE_s03_0070,P6-POSENOISE_s03,C=CC(=O)N1Cc2cccc(C(=O)Nc3cn(C(=O)C(C)C)cn3)c2C1,C28
P6-POSENOISE_s03_0071,P6-POSENOISE_s03,C=CC(=O)N1Cc2cccc(C(=O)Nc3cn(C4CCN(C(=O)NC(C)C)CC4)cn3)c2C1,C38
P6-POSENOISE_s03_0072,P6-POSENOISE_s03,C=CC(=O)N1Cc2cccc(C(=O)Nc3cn([C@H]4CCC[C@@H](C)C4)cn3)c2C1,C32
P6-POSENOISE_s03_0073,P6-POSENOISE_s03,C=CC(=O)N1Cc2cccc(Br)c2C1,C14
P6-POSENOISE_s03_0074,P6-POSENOISE_s03,C=CC(=O)N1Cc2cccc(C(=O)Nc3cn([C@H]4CC(CF)N[C@@H]4C)cn3)c2C1,C31
P6-POSENOISE_s03_0075,P6-POSENOISE_s03,C=CC(=O)N1Cc2cccc(C(=O)Nc3cc(C(C)C)nn3C)c2C1,C28
P6-POSENOISE_s03_0076,P6-POSENOISE_s03,C=CC(=O)N1Cc2cccc(C(=O)Nc3cccnc3)c2C1,C21
P6-POSENOISE_s03_0077,P6-POSENOISE_s03,C=CC(=O)N1Cc2cccc(C(=O)Nc3ccn(C)n3)c2C1,C22
P6-POSENOISE_s03_0078,P6-POSENOISE_s03,C=CC(=O)Nc1cnc([C@@H]2C[C@H]2c2cccc(CN(C)C(=O)C(=C)C)c2)cn1,C31
P6-POSENOISE_s03_0079,P6-POSENOISE_s03,C=CC(=O)N1Cc2cccc(C(=O)Nc3cnc4cnccc4c3)c2C1,C23
P6-POSENOISE_s03_0080,P6-POSENOISE_s03,C=CC(=O)N1Cc2cccc(C(=O)Nc3cnc(C(C)(C)F)cn3)c2C1,C27
P6-POSENOISE_s03_0081,P6-POSENOISE_s03,C=CC(=O)N1Cc2cccc(C(=O)Nc3cn(C4CCN(C(=O)NC(F)(F)F)CC4)cn3)c2C1,C34
P6-POSENOISE_s03_0082,P6-POSENOISE_s03,C=CC(=O)N1Cc2cccc(C(=O)Nc3cncnc3CC(F)(F)F)c2C1,C25
P6-POSENOISE_s03_0083,P6-POSENOISE_s03,C=CC(=O)N1Cc2cccc(C(=O)Nc3cn([C@H]4CCCC[C@H]4C(=O)Nc4cnc(C(C)C)c(C)n4)cn3)c2C1,C45
P6-POSENOISE_s03_0084,P6-POSENOISE_s03,C=CC(=O)N1Cc2cccc(C(=O)Nc3cn([C@H]4C[C@H](Oc5cc(C)ncn5)C4)cn3)c2C1,C33
P6-POSENOISE_s03_0085,P6-POSENOISE_s03,C=CC(=O)N1Cc2cccc(C(=O)Nc3cn(-c4ccccc4)cn3)c2C1,C24
P6-POSENOISE_s03_0086,P6-POSENOISE_s03,C=CC(=O)N1Cc2cccc(CNc3cc(N)ncn3)c2C1,C22
P6-POSENOISE_s03_0087,P6-POSENOISE_s03,C=CC(=O)N1Cc2cccc(C(=O)Nc3cn(CC)cn3)c2C1,C24
P6-POSENOISE_s03_0088,P6-POSENOISE_s03,C=CC(=O)N1Cc2cccc(C(C)Nc3cn(C)c(=O)o3)c2C1,C24
P6-POSENOISE_s03_0089,P6-POSENOISE_s03,C=CC(=O)N1Cc2cccc(C(=O)Nc3cn(C(F)F)c(C)n3)c2C1,C24
P6-POSENOISE_s03_0090,P6-POSENOISE_s03,C=CC(=O)N1Cc2cccc(C(=O)Nc3ccn(C(C)C)c3)c2C1,C26
P6-POSENOISE_s03_0091,P6-POSENOISE_s03,C=CC(=O)N1Cc2cccc(C(=O)Nc3ncc(Cl)o3)c2C1,C20
P6-POSENOISE_s03_0092,P6-POSENOISE_s03,C=CC(=O)N1Cc2cccc(C(=O)Nc3cc(C(C)CC)nc(C(C)(C)C)c3)c2C1,C37
P6-POSENOISE_s03_0093,P6-POSENOISE_s03,C=CC(=O)N1Cc2cccc(C(=O)c3cn(C)cn3)c2C1,C21
P6-POSENOISE_s03_0094,P6-POSENOISE_s03,C=CC(=O)N1Cc2cccc(C(=O)Nc3cn(CC4CCCOC4)cn3)c2C1,C31
P6-POSENOISE_s03_0095,P6-POSENOISE_s03,C=CC(=O)N1Cc2cccc(C(=O)Nc3ccn(C(C)C)n3)c2C1,C26
P6-POSENOISE_s03_0096,P6-POSENOISE_s03,C=CC(=O)N1Cc2cccc(C(=O)Nc3cn(C4CN(C(=O)C=C)C4)nn3)c2C1,C29
P6-POSENOISE_s03_0097,P6-POSENOISE_s03,C=CC(=O)N1Cc2cccc(C(=O)Nc3cncn3C(C)C(=O)OC)c2C1,C29
P6-POSENOISE_s03_0098,P6-POSENOISE_s03,C=CC(=O)N1Cc2cccc(C(=O)Nc3cn(C(C)C(C)C)nn3)c2C1,C30
P6-POSENOISE_s03_0099,P6-POSENOISE_s03,C=CC(=O)N1Cc2cccc(C(=O)Nc3cc(C(=O)N(C)CCc4ccc(C(F)(F)F)cc4)ccn3)c2C1,C36
P6-POSENOISE_s03_0100,P6-POSENOISE_s03,C=CC(=O)N1Cc2cccc(NC(=O)Nc3ccn(C(C)=O)c3)c2C1,C25
P6-POSENOISE_s03_0101,P6-POSENOISE_s03,C=CC(=O)N1Cc2cccc(C(=O)Nc3cn([C@H]4C[C@H](c5cccc(F)c5)[C@@H](O)C4)cn3)c2C1,C33
P6-POSENOISE_s03_0102,P6-POSENOISE_s03,C=CC(=O)N1CC2=C(CC(C(=O)Nc3cn(C4CCN(C(C)=O)C4)cn3)=CC=C2)C1,C33
P6-POSENOISE_s03_0103,P6-POSENOISE_s03,C=CC(=O)N1Cc2cccc(C(=O)Nc3ncn(C)c3C)c2C1,C24
P6-POSENOISE_s03_0104,P6-POSENOISE_s03,C=CC(=O)N1CC2=C(C1)C(C(=O)Nc1cn(C(C)C)cn1)=CC=CC=C2,C28
P6-POSENOISE_s03_0105,P6-POSENOISE_s03,C=CC(=O)N1Cc2cccc(C(=N)Nc3cn(C(C)C)cn3)c2C1,C27
P6-POSENOISE_s03_0106,P6-POSENOISE_s03,C=CC(=O)N1Cc2c(CO)cccc2C(=O)Nc2ncn(C(C)C)c2C1,C29
P6-POSENOISE_s03_0107,P6-POSENOISE_s03,C=CC(=O)N1Cc2cccc(C(=O)Nc3cn([C@H]4C[C@H](O)[C@@H](F)CN4)cn3)c2C1,C30
P6-POSENOISE_s03_0108,P6-POSENOISE_s03,C=CC(=O)N1Cc2cccc(NC(=O)Nc3cn(Cl)nn3)c2C1,C21
P6-POSENOISE_s03_0109,P6-POSENOISE_s03,C=CC(=O)N1Cc2ccc(C(=O)Nc3cn(C(=O)C4CC4)cn3)cc2C1,C26
P6-POSENOISE_s03_0110,P6-POSENOISE_s03,C=CC(=O)N1Cc2cc(C)cc(C(=O)Nc3cn(C(=O)C(C)(C)C)cn3)c2C1,C32
P6-POSENOISE_s03_0111,P6-POSENOISE_s03,C=CC(=O)N1Cc2cccc(C(=O)Nc3cn(C)c(C)n3)c2C1,C24
P6-POSENOISE_s03_0112,P6-POSENOISE_s03,C=CC(=O)N1Cc2cccc(Nc3ccn(C(C)=O)c3)c2C1,C22
P6-POSENOISE_s03_0113,P6-POSENOISE_s03,C=CC(=O)N1Cc2cccc(C(=O)Nc3cnn(C4CC=CC4)c3)c2C1,C26
P6-POSENOISE_s03_0114,P6-POSENOISE_s03,C=CC(=O)N1Cc2cccc(C(=O)Nc3cn([C@H](C)C(F)(F)F)c(C)n3)c2C1,C28
P6-POSENOISE_s03_0115,P6-POSENOISE_s03,C=CC(=O)N1Cc2cc(F)cc(C(=O)Nc3ncn(C)c3C(C)C)c2C1,C28
P6-POSENOISE_s03_0116,P6-POSENOISE_s03,C=CC(=O)N1Cc2cccc(C(=O)Nc3cn(Cc4cccc(C)c4)cn3)c2C1,C28
P6-POSENOISE_s03_0117,P6-POSENOISE_s03,C=CC(=O)N1Cc2cccc(C(=O)Nc3cn(C4CCC(CC)CC4)cn3)c2C1,C34
P6-POSENOISE_s03_0118,P6-POSENOISE_s03,C=CC(=O)N1Cc2cccc(C(=O)Nc3nc(C)co3)c2C1,C22
P6-POSENOISE_s03_0119,P6-POSENOISE_s03,C=CC(=O)N1Cc2cccc(C(=O)Nc3cn([C@H](C)C(C)=O)cn3)c2C1,C28
P6-POSENOISE_s03_0120,P6-POSENOISE_s03,C=CC(=O)N1Cc2cccc(C(=O)Nc3cncn3C)c2C1,C22
P6-POSENOISE_s03_0121,P6-POSENOISE_s03,C=CC(=O)N1Cc2cccc(C(=O)Nc3cncc(N)n3)c2C1,C22
P6-POSENOISE_s03_0122,P6-POSENOISE_s03,C=CC(=O)N1Cc2cccc(C(=O)Nc3cn(C(=O)C(C)C(F)(F)F)cn3)c2C1,C28
P6-POSENOISE_s03_0123,P6-POSENOISE_s03,C=CC(=O)N1Cc2cccc(C(=O)Nc3cn([C@H]4CC(=O)NC(C)C4)cn3)c2C1,C31
P6-POSENOISE_s03_0124,P6-POSENOISE_s03,C=CC(=O)N1Cc2cccc(C(=O)Nc3cn(C4CCN(C(=O)CC)CC4)cn3)c2C1,C35
P6-POSENOISE_s03_0125,P6-POSENOISE_s03,C=CC(=O)N1Cc2cccc(C(=O)N(c3cccc4c3C(=O)NCC4)C(C)C)c2C1,C32
P6-POSENOISE_s03_0126,P6-POSENOISE_s03,C=CC(=O)N1Cc2cccc(C(=O)Nc3cn(C4CCCCCC4C)cn3)c2C1,C34
P6-POSENOISE_s03_0127,P6-POSENOISE_s03,C=CC(=O)N1Cc2cccc(Cc3ccc(C(=O)NC(C)C)cc3)c2C1C,C31
P6-POSENOISE_s03_0128,P6-POSENOISE_s03,C=CC(=O)N1Cc2cccc(-n3cncc3C(=O)N(C)c3cc(C)cc(C)c3)c2C1,C30
P6-POSENOISE_s03_0129,P6-POSENOISE_s03,C=CC(=O)N1Cc2cccc(NC(=O)c3cn(C(C)C)cn3)c2C1,C26
P6-POSENOISE_s03_0130,P6-POSENOISE_s03,C=CC(=O)N1Cc2ccc(C(=O)Nc3cn([C@H]4CC[C@H](C(C)(F)F)[C@H]4C)cn3)cc2C1,C34
P6-POSENOISE_s03_0131,P6-POSENOISE_s03,C=CC(=O)N(c1ccccc1)c1cccc(CN2CC(=O)N(CCC(C)=O)C2)c1,C32
P6-POSENOISE_s03_0132,P6-POSENOISE_s03,C=CC(=O)N1C(=O)c2c(Nc3cn(C)cn3)cccc2C1C,C22
P6-POSENOISE_s03_0133,P6-POSENOISE_s03,C=CC(=O)N1Cc2cccc(Nc3cn(C(=O)c4ccccc4)nn3)c2C1,C24
P6-POSENOISE_s03_0134,P6-POSENOISE_s03,C=CC(=O)N1Cc2cccc(C(=O)Nc3cn(C(=O)c4cn(C(=O)CC)cn4)cn3)c2C1,C31
P6-POSENOISE_s03_0135,P6-POSENOISE_s03,C=CC(=O)N1Cc2cccc(C)c2C1c1cn(C(=O)c2ccc(OC)cn2)cn1,C28
P6-POSENOISE_s03_0136,P6-POSENOISE_s03,C=CC(=O)N1Cc2cccc(C(=O)Nc3cnc(C(C)C)cn3)c2C1,C27
P6-POSENOISE_s03_0137,P6-POSENOISE_s03,C=CC(=O)N1Cc2cccc(C(=O)Nc3cn([C@H](C)CC)cn3)c2C1,C28
P6-POSENOISE_s03_0138,P6-POSENOISE_s03,C=CC(=O)Nc1ncn(Cc2ccccc2F)c1C,C19
P6-POSENOISE_s03_0139,P6-POSENOISE_s03,C=CC(=O)N1Cc2ccccc2C(=O)N1Cc1cccc(C(=O)N(C)c2ncn(C)c2C(C)C)c1,C37
P6-POSENOISE_s03_0140,P6-POSENOISE_s03,C=CC(=O)N1Cc2cccc(N3Cc4nn(C(C)C)cc4NC3=O)c2C1,C27
P6-POSENOISE_s03_0141,P6-POSENOISE_s03,C=CC(=O)N1Cc2cccc(C(=O)Nc3cc(C)n(C(C)C)c3)c2C1,C28
P6-POSENOISE_s03_0142,P6-POSENOISE_s03,C=CC(=O)N1Cc2cccc(C(=O)Nc3cn(C4CC(C)C4)nn3)c2C1,C28
P6-POSENOISE_s03_0143,P6-POSENOISE_s03,C=CC(=O)N1Cc2cccc(Cc3cn(C(C)=O)cn3)c2C1,C23
P6-POSENOISE_s03_0144,P6-POSENOISE_s03,C=CC(=O)N1Cc2cccc(C(=O)Nc3cn([C@H]4C[C@H]4O)cn3)c2C1,C25
P6-POSENOISE_s03_0145,P6-POSENOISE_s03,C=CC(=O)N1Cc2cccc(C(=O)Nc3cn(C(=O)C(F)F)cn3)c2C1,C24
P6-POSENOISE_s03_0146,P6-POSENOISE_s03,C=CC(=O)N1Cc2cccc(C)c2C1=O,C16
P6-POSENOISE_s03_0147,P6-POSENOISE_s03,C=CC(=O)N1Cc2cccc(C(=O)Nc3cn(C4CCC(CCC)CC4)cn3)c2C1,C36
P6-POSENOISE_s03_0148,P6-POSENOISE_s03,C=CC(=O)Nc1cccc(C(=O)N2Cc3cccc(C)c3C2C)n1,C25
P6-POSENOISE_s03_0149,P6-POSENOISE_s03,C=CC(=O)N1Cc2cccc(C(=O)Nc3cn(C4CCCCC4)cn3)c2C1,C30
P6-POSENOISE_s03_0150,P6-POSENOISE_s03,C=CC(=O)N1Cc2cccc(C(=O)Nc3ccn(C(C)CF)n3)c2C1,C26
P6-POSENOISE_s03_0151,P6-POSENOISE_s03,C=CC(=O)N1Cc2c(C)ccc(C(=O)Nc3cn(C(C)C)cn3)c2C1,C28
P6-POSENOISE_s03_0152,P6-POSENOISE_s03,C=CC(=O)N1Cc2cccc(C)c2C(=O)Nc2ncn(CC)c2C1,C26
P6-POSENOISE_s03_0153,P6-POSENOISE_s03,C=CC(=O)N1Cc2ccc(C)cc2C1Nc1cn(C(C)C)cn1,C26
P6-POSENOISE_s03_0154,P6-POSENOISE_s03,C=CC(=O)N1Cc2cccc(C(=O)Nc3cn(C(C)CC)cn3)c2C1,C28
P6-POSENOISE_s03_0155,P6-POSENOISE_s03,C=CC(=O)N1Cc2cccc(C(=O)Nc3cc(C(C)C)no3)c2C1,C26
P6-POSENOISE_s03_0156,P6-POSENOISE_s03,C=CC(=O)N1Cc2cccc(C(=O)N3Cc4cccc(C)c4C3)c2C1Nc1cn(SC)cn1,C32
P6-POSENOISE_s03_0157,P6-POSENOISE_s03,C=CC(=O)N1Cc2cccc(C(=O)Nc3nccn3Cc3cccc(F)c3)c2C1,C26
P6-POSENOISE_s03_0158,P6-POSENOISE_s03,C=CC(=O)N1CCc2c(cccc2C(=O)Nc2cn(CC)cn2)C1,C26
P6-POSENOISE_s03_0159,P6-POSENOISE_s03,C=CC(=O)N1Cc2cccc(C(=O)Nc3c[nH]c(CC)n3)c2C1,C24
P6-POSENOISE_s03_0160,P6-POSENOISE_s03,C=CC(=O)N1Cc2cccc(C(=O)Nc3ncc(C(C)(C)C)n3C)c2C1,C30
P6-POSENOISE_s03_0161,P6-POSENOISE_s03,C=CC(=O)N1Cc2cccc(C(=O)Nc3cn(C4CCCNC4)cn3)c2C1,C29
P6-POSENOISE_s03_0162,P6-POSENOISE_s03,C=CC(=O)N1Cc2cccc(C(=O)Nc3cnc(C(F)(F)F)cn3)c2C1,C23
P6-POSENOISE_s03_0163,P6-POSENOISE_s03,C=CC(=O)N1Cc2cccc(C[n+]3ccn(C(=O)C(C)(C)C)c3C)c2C1,C31
P6-POSENOISE_s03_0164,P6-POSENOISE_s03,C=CC(=O)N1Cc2cccc(C(=O)Nc3cc(C)nn3-c3ccc(C)cc3)c2C1,C28
P6-POSENOISE_s03_0165,P6-POSENOISE_s03,C=CC(=O)N1CC2=C(C1)NC(=O)C(C(=O)Nc1cnn([C@H]3C[C@H](N(C)C)C3)c1)=CC=C2,C34
P6-POSENOISE_s03_0166,P6-POSENOISE_s03,C=CC(=O)N1Cc2cccc(C(=O)Nc3cn(C(=O)c4ccccc4)cn3)c2C1,C26
P6-POSENOISE_s03_0167,P6-POSENOISE_s03,C=CC(=O)N1Cc2cccc(C(=O)Nc3cn([C@@H]4CC(C)N[C@H](C)C4)cn3)c2C1,C33
P6-POSENOISE_s03_0168,P6-POSENOISE_s03,C=CC(=O)N1Cc2cccc(C)c2C1,C16
P6-POSENOISE_s03_0169,P6-POSENOISE_s03,C=CC(=O)N1Cc2cccc(C(=O)Nc3ncn(C(C)C)n3)c2C1,C26
P6-POSENOISE_s03_0170,P6-POSENOISE_s03,C=CC(=O)Nc1cccc(C(=O)Nc2cn(C(C)C)cn2)c1,C24
P6-POSENOISE_s03_0171,P6-POSENOISE_s03,C=CC(=O)N1Cc2cccc(C(=O)Nc3cn(C)cn3)c2CN(C)C1=O,C27
P6-POSENOISE_s03_0172,P6-POSENOISE_s03,C=CC(=O)N1Cc2ccc(C(=O)Nc3cnn(C(C)C)c3)cc2C1C,C28
P6-POSENOISE_s03_0173,P6-POSENOISE_s03,C=CC(=O)N1Cc2ccccc2C1Cc1cn(C(C)C)cn1,C25
P6-POSENOISE_s03_0174,P6-POSENOISE_s03,C=CC(=O)N1Cc2cccc(c(=Nc3cn(C)c(C)n3)c2C)C1,C25
P6-POSENOISE_s03_0175,P6-POSENOISE_s03,C=CC(=O)N1Cc2cccc(NC(=O)c3cnn(C(C)C)c3)c2C1,C26
P6-POSENOISE_s03_0176,P6-POSENOISE_s03,C=CC(=O)N1Cc2cccc(C(=O)Nc3cnn(C(C)=O)c3)c2C1,C24
P6-POSENOISE_s03_0177,P6-POSENOISE_s03,C=CC(=O)N1Cc2cccc(C(=O)Nc3cc(=O)n(C)c(C)n3)c2C1,C25
P6-POSENOISE_s03_0178,P6-POSENOISE_s03,C=CC(=O)N1Cc2cccc(C(=O)N(C)Cc3cccc(Nc4cn(C)nc4C(C)C)c3)c2C1,C37
P6-POSENOISE_s03_0179,P6-POSENOISE_s03,C=CC(=O)N1Cc2cccc(C(=O)Nc3cn([C@H]4C[C@H](C(=O)O)C4)cn3)c2C1,C29
P6-POSENOISE_s03_0180,P6-POSENOISE_s03,C=CC(=O)N1Cc2cccc(C(=O)Nc3cccc(C(=O)N(C)C)c3)c2C1,C28
P6-POSENOISE_s03_0181,P6-POSENOISE_s03,C=CC(=O)N1Cc2cccc(C(=O)Nc3cc(C(C)(C)C)cccc4n(c3)[C@H]4CC(C)=O)c2C1,C38
P6-POSENOISE_s03_0182,P6-POSENOISE_s03,C=CC(=O)N1Cc2cccc(C(=O)Nc3cn(C(=O)N(C)C)cn3)c2C1,C27
P6-POSENOISE_s03_0183,P6-POSENOISE_s03,C=CC(=O)N1Cc2cccc(C(=O)Nc3ccn(C(=O)N4CC(F)(F)C4)c3)c2C1,C27
P6-POSENOISE_s03_0184,P6-POSENOISE_s03,C=CC(=O)N1Cc2cccc(C(=O)Nc3cn(C4C[C@H](O)[C@@H](O)C4)cn3)c2C1,C30
P6-POSENOISE_s03_0185,P6-POSENOISE_s03,C=CC(=O)N1Cc2cccc(C(=O)Nc3cc(C(F)(F)F)nn3C)c2C1,C24
P6-POSENOISE_s03_0186,P6-POSENOISE_s03,C=CC(=O)N1Cc2cccc(C(=O)Nc3nccnc3C(F)(F)F)c2C1,C23
P6-POSENOISE_s03_0187,P6-POSENOISE_s03,C=CC(=O)N1Cc2cccc(C(=O)Nc3cn([C@H]4CC[C@H](C)CC4)cn3)c2C1,C32
P6-POSENOISE_s03_0188,P6-POSENOISE_s03,C=CC(=O)N1Cc2cccc(C(=O)Nc3cn(C(C)C)cn3)c2C1C,C28
P6-POSENOISE_s03_0189,P6-POSENOISE_s03,C=CC(=O)N1Cc2cccc(C(=O)Nc3cn(C4CCNC4)cn3)c2C1,C27
P6-POSENOISE_s03_0190,P6-POSENOISE_s03,C=CC(=O)N(C(=O)Cc1ccccc1)c1cn(CC)cc1C,C25
P6-POSENOISE_s03_0191,P6-POSENOISE_s03,C=CC(=O)N1Cc2cccc(C(=O)Nc3cn([C@H](CO)CC(C)C)cn3)c2C1,C33
P6-POSENOISE_s03_0192,P6-POSENOISE_s03,C=CC(=O)N1Cc2cccc(C(=O)Nc3nn(C)cc3C)c2C1,C24
P6-POSENOISE_s03_0193,P6-POSENOISE_s03,C=CC(=O)NCc1cccc(C(=O)Nc2cn(C(C)=O)cn2)c1,C24
P6-POSENOISE_s03_0194,P6-POSENOISE_s03,C=CC(=O)N1Cc2cccc(C(=O)Nc3ncn(C)c3C(F)(F)F)c2C1,C24
P6-POSENOISE_s03_0195,P6-POSENOISE_s03,C=CC(=O)N1Cc2cccc(NC3=CN(C)C(=O)C(F)(Cl)C3)c2C1,C24
P6-POSENOISE_s03_0196,P6-POSENOISE_s03,C=CC(=O)N1CC(=O)c2c(cccc2C(=O)Nc2c[nH]cn2)C1,C22
P6-POSENOISE_s03_0197,P6-POSENOISE_s03,C=CC(=O)N1Cc2cccc(C(=O)Nc3cn(C(C)C(C)C)cn3)c2C1,C30
P6-POSENOISE_s03_0198,P6-POSENOISE_s03,C=CC(=O)N1Cc2ccc(C(=O)Nc3cn([C@H]4CC[C@H](C(=O)O)N4C)cn3)cc2C1,C32
P6-POSENOISE_s03_0199,P6-POSENOISE_s03,C=CC(=O)N1Cc2c(CC(=O)c3ccccc3)ccc(C(=O)Nc3ncc(Br)cn3)c2C1,C29
P6-POSENOISE_s03_0200,P6-POSENOISE_s03,C=CC(=O)N1Cc2ccc(O)cc2C1,C15
P6-POSENOISE_s03_0201,P6-POSENOISE_s03,C=CC(=O)N(Cc1cccc(F)c1)c1cccc(C(=O)NC2=NC(C)N(c3ccccc3)C=C2)c1,C33
P6-POSENOISE_s03_0202,P6-POSENOISE_s03,C=CC(=O)N1CC(=O)C(c2cccc(C(=O)Nc3cn(C)nc3C)c2)C1,C28
P6-POSENOISE_s03_0203,P6-POSENOISE_s03,C=CC(=O)N1Cc2cccc(c2)C(=O)N1c1cn(C(C)C)cn1,C24
P6-POSENOISE_s03_0204,P6-POSENOISE_s03,C=CC(=O)N1Cc2cccc(C(=O)Nc3cn(C4CN(C(C)=O)C4)cn3)c2C1,C29
P6-POSENOISE_s03_0205,P6-POSENOISE_s03,C=CC(=O)N1Cc2cccc(C(=O)Nc3cc(C(C)C)nn3CC)c2C1,C30
P6-POSENOISE_s03_0206,P6-POSENOISE_s03,C=CC(=O)N1Cc2ccccc2C(=O)Nc2cn(C)nc2[C@H]1c1cn(C)cn1,C27
P6-POSENOISE_s03_0207,P6-POSENOISE_s03,C=CC(=O)N1Cc2cccc(C(=O)Nc3cn(C(=O)C(C)(C)C)cn3)c2C1,C30
P6-POSENOISE_s03_0208,P6-POSENOISE_s03,C=CC(=O)N1Cc2cccc(C(=O)Nc3cn([C@H]4C[C@H]5C=C[C@H](CO)C[C@H]54)cn3)c2C1,C33
P6-POSENOISE_s03_0209,P6-POSENOISE_s03,C=CC(=O)N1Cc2cccc(C(=O)Nc3cn(C(F)CF)cn3)c2C1,C24
P6-POSENOISE_s03_0210,P6-POSENOISE_s03,C=CC(=O)N1Cc2cccc(C(=O)Nc3cn(C(C)n4cnc(N(C)C)n4)cn3)c2C1,C32
P6-POSENOISE_s03_0211,P6-POSENOISE_s03,C=CC(=O)N1CCc2cccc(C(=O)Nc3ccn(C)c3)c2C1,C24
P6-POSENOISE_s03_0212,P6-POSENOISE_s03,C=CC(=O)N(CCc1c(F)cccc1F)Cc1cccc(C(=O)NC(C)C)n1,C31
P6-POSENOISE_s03_0213,P6-POSENOISE_s03,C=CC(=O)N1Cc2cccc(C(=O)Nc3cn([C@H](C)Cc4nnc(N)s4)cn3)c2C1,C30
P6-POSENOISE_s03_0214,P6-POSENOISE_s03,C=CC(=O)N1Cc2cccc(C(=O)Nc3cn(C(C)CO)cn3)c2C1,C27
P6-POSENOISE_s03_0215,P6-POSENOISE_s03,C=CC(=O)N1Cc2cc(C(=O)Nc3cncn3C)cc(C)c2C1,C24
P6-POSENOISE_s03_0216,P6-POSENOISE_s03,C=CC(=O)N1Cc2cccc(C(=O)Nc3cn(C(C)(C)C)cn3)c2C1,C28
P6-POSENOISE_s03_0217,P6-POSENOISE_s03,C=CC(=O)Nn1cnc(NC(=O)[C@H]2CC=CN2Cc2cccc(C(=O)N(C)CC(C)C)c2)c1,C38
P6-POSENOISE_s03_0218,P6-POSENOISE_s03,C=CC(=O)N1Cc2cccc(NC(=O)c3cn(C)cn3)c2C1,C22
P6-POSENOISE_s03_0219,P6-POSENOISE_s03,C=CC(=O)N1Cc2cccc(C(=O)Nc3cc(C(=O)Nc4cc(C(C)C)n(C(C)C)n4)ccn3)c2C1,C39
P6-POSENOISE_s03_0220,P6-POSENOISE_s03,C=CC(=O)N1Cc2cccc(C(N)=O)c2C1,C17
P6-POSENOISE_s03_0221,P6-POSENOISE_s03,C=CC(=O)N1Cc2cccc(C(=O)Nc3cn(C4CCC(C)C4)cn3)c2C1,C30
P6-POSENOISE_s03_0222,P6-POSENOISE_s03,C=CC(=O)N1Cc2cccc(C(=O)Nc3cn([C@H]4C[C@H](F)CN4)cn3)c2C1,C27
P6-POSENOISE_s03_0223,P6-POSENOISE_s03,C=CC(=O)N1Cc2cccc(C(=O)Nc3cnccn3)c2C1=O,C21
P6-POSENOISE_s03_0224,P6-POSENOISE_s03,C=CC(=O)N1Cc2ccc(-c3cnc(N)c(C)c3)cc2C1,C21
P6-POSENOISE_s03_0225,P6-POSENOISE_s03,C=CC(=O)N1Cc2cccc(C(=O)Nc3cn(C4CN(Cc5cnn(C)n5)C4)cn3)c2C1,C32
P6-POSENOISE_s03_0226,P6-POSENOISE_s03,C=CC(=O)N1Cc2cccc(C(=O)Nc3cn(C(C)O)cn3)c2C1,C25
P6-POSENOISE_s03_0227,P6-POSENOISE_s03,C=CC(=O)N1Cc2cccc(C(=O)Nc3cn([C@@H](C)C(C)C)cn3)c2C1,C30
P6-POSENOISE_s03_0228,P6-POSENOISE_s03,C=CC(=O)N1Cc2cccc(C(=O)Nc3cn(C4CCOCC4)cn3)c2C1,C29
P6-POSENOISE_s03_0229,P6-POSENOISE_s03,C=CC(=O)N1Cc2cc(C)cc(C(=O)Nc3cn(C(=O)OC)cn3)c2C1,C27
P6-POSENOISE_s03_0230,P6-POSENOISE_s03,C=CC(=O)N1Cc2cccc(C(=O)Nc3cnc(C(C)(C)C)cn3)c2C1,C29
P6-POSENOISE_s03_0231,P6-POSENOISE_s03,C=CC(=O)N1Cc2cccc(CN(C(=O)C(=C)O)c3cccn3-c3ccn(C(C)C)c3)c2C1,C34
P6-POSENOISE_s03_0232,P6-POSENOISE_s03,C=CC(=O)N1Cc2cccc(C(=O)C(C)(C)c3cn(C(C)C)cn3)c2C1,C31
P6-POSENOISE_s03_0233,P6-POSENOISE_s03,C=CC(=O)N1Cc2cccc(C(=O)Nc3cn([C@@H]4CN[C@@H](CC)C4)cn3)c2C1,C31
P6-POSENOISE_s03_0234,P6-POSENOISE_s03,C=CC(=O)N1Cc2cccc(C(=O)Nc3cn([C@H]4C[C@H]([C@@H](C)O)C4)cn3)c2C1,C31
P6-POSENOISE_s03_0235,P6-POSENOISE_s03,C=CC(=O)N1Cc2cccc(C(=O)Nc3ncn(CC(C)C)c3C)c2C1,C30
P6-POSENOISE_s03_0236,P6-POSENOISE_s03,C=CC(=O)N1Cc2cccc(C(=O)Nc3cn(C(=O)c4ccncc4F)cn3)c2C1,C26
P6-POSENOISE_s03_0237,P6-POSENOISE_s03,C=CC(=O)N1Cc2ccc(C(=O)NC3=CN([C@H]4C[C@H](C(C)O)C=N4)[C@@H](C)C3)cc2C1,C36
P6-POSENOISE_s03_0238,P6-POSENOISE_s03,C=CC(=O)N(C)c1cccc(C(=O)N2Cc3cc(CO)ccc32)c1,C24
P6-POSENOISE_s03_0239,P6-POSENOISE_s03,C=CC(=O)N1Cc2cccc(C(=O)Nc3cc(NC(=O)CC(=O)OC)n[nH]3)c2C1,C30
P6-POSENOISE_s03_0240,P6-POSENOISE_s03,C=CC(=O)N1Cc2ccc(NC(=O)c3cn(C(=O)N4CCCC4)cn3)cc2C1,C29
P6-POSENOISE_s03_0241,P6-POSENOISE_s03,C=CC(=O)N1Cc2cccc(C(=N)Nn3cnc(C(C)C(F)F)c3C)c2C1,C29
P6-POSENOISE_s03_0242,P6-POSENOISE_s03,C=CC(=O)N1Cc2ccc(C(=O)Nc3cn(CC(C)C)cn3)cc2C1,C28
P6-POSENOISE_s03_0243,P6-POSENOISE_s03,C=CC(=O)N1Cc2cccc(C(=O)Nc3cnc(C)cn3)c2C1,C23
P6-POSENOISE_s03_0244,P6-POSENOISE_s03,C=CC(=O)N1Cc2cccc(C(=O)NNc3cn(C(C)=O)cn3)c2C1,C25
P6-POSENOISE_s03_0245,P6-POSENOISE_s03,C=CC(=O)N1Cc2cccc(C(=O)Nc3cn(C4CC(F)(F)C4)cn3)c2C1,C26
P6-POSENOISE_s03_0246,P6-POSENOISE_s03,C=CC(=O)N1Cc2cccc(C(=O)N(C)c3cn(C(C)C)cn3)c2C1,C28
P6-POSENOISE_s03_0247,P6-POSENOISE_s03,C=CC(=O)N1Cc2cccc(C(=O)Nc3cn(C4(C)CC4)cn3)c2C1,C26
P6-POSENOISE_s03_0248,P6-POSENOISE_s03,C=CC(=O)N1Cc2cccc(CN(C)C(=O)c3cccc(C(=O)Cn4cc(C(C)C)nn4)c3)c2C1,C38
P6-POSENOISE_s03_0249,P6-POSENOISE_s03,C=CC(=O)N1Cc2cccc(C(=O)N3CCN(C(C)=O)CC3=O)c2C1,C28
P6-POSENOISE_s03_0250,P6-POSENOISE_s03,C=CC(=O)N1Cc2cccc(C(=O)Nn3cnc(C(C)C)c3)c2C1,C26
P6-POSENOISE_s03_0251,P6-POSENOISE_s03,C=CC(=O)N1Cc2cccc(C(=O)Nc3ncnc(C)n3)c2C1,C23
P6-POSENOISE_s03_0252,P6-POSENOISE_s03,C=CC(=O)N1Cc2cccc(C(=O)Nc3cn(CC(=O)N4CCN(C)CC4)cn3)c2C1,C34
P6-POSENOISE_s03_0253,P6-POSENOISE_s03,C=CC(=O)N1Cc2cccc(C(=O)Nc3ccn(C)c3)c2C1,C22
P6-POSENOISE_s03_0254,P6-POSENOISE_s03,C=CC(=O)N1Cc2cccc(C(=O)Nc3cn(Cc4ccccc4F)cn3)c2C1,C26
P6-POSENOISE_s03_0255,P6-POSENOISE_s03,C=CC(=O)N1Cc2cccc(C(=O)Nc3cn(C4CN(C(=O)C(F)F)C4)cn3)c2C1,C29
P6-POSENOISE_s03_0256,P6-POSENOISE_s03,C=CC(=O)N1Cc2cccc(C(=O)Nc3ncn(C(=O)N(C)CC)n3)c2C1,C29
P6-POSENOISE_s03_0257,P6-POSENOISE_s03,C=CC(=O)N1Cc2cccc(C(=O)Nc3cn(C(C(=O)O)c4ccccc4)cn3)c2C1,C29
P6-POSENOISE_s03_0258,P6-POSENOISE_s03,C=CC(=O)N1Cc2cccc(C(=O)Nc3cn(C(=O)N4CC[C@@H](F)C4)cn3)c2C1,C29
P6-POSENOISE_s03_0259,P6-POSENOISE_s03,C=CC(=O)N1Cc2cccc(C(=O)Nc3cc(C)nc(NC(=O)C4CC4)c3)c2C1,C30
P6-POSENOISE_s03_0260,P6-POSENOISE_s03,C=CC(=O)N1Cc2cccc(C(=O)Nc3ccn(C4CC(F)(F)C4)c3)c2C1,C26
P6-POSENOISE_s03_0261,P6-POSENOISE_s03,C=CC(=O)N1Cc2cccc(C(=O)Nc3cn(C4COC4)cn3)c2C1,C25
P6-POSENOISE_s03_0262,P6-POSENOISE_s03,C=CC(=O)N1Cc2cccc(C(=O)Nc3cn(C(C)C)c(C)n3)c2C1,C28
P6-POSENOISE_s03_0263,P6-POSENOISE_s03,C=CC(=O)N1CCc2cccc(C(=O)Nc3cn([C@H](C)CO)cn3)c2C1,C29
P6-POSENOISE_s03_0264,P6-POSENOISE_s03,C=CC(=O)N1C(=O)c2cccc(C(=O)Nc3cn(C(C)C(C)(C)C)cn3)c2C1C,C34
P6-POSENOISE_s03_0265,P6-POSENOISE_s03,C=CC(=O)N1Cc2cccc(C(=O)Nc3cn(CC(F)(F)F)cn3)c2C1,C24
P6-POSENOISE_s03_0266,P6-POSENOISE_s03,C=CC(=O)N1Cc2cccc(C(=O)Nc3ncn(C(C)C)c3C)c2C1,C28
P6-POSENOISE_s03_0267,P6-POSENOISE_s03,C=CC(=O)N1Cc2cccc(C)c2CN1Cc1cccc(-c2cn(C)nc2C)c(=O)c1,C31
P6-POSENOISE_s03_0268,P6-POSENOISE_s03,C=CC(=O)N1Cc2cccc(C(=O)Nc3cn(C(C)C)cn3)c2N1,C25
P6-POSENOISE_s03_0269,P6-POSENOISE_s03,C=CC(=O)N1Cc2cccc(C(=O)Nc3cn(C(N)=O)cn3)c2C1,C23
P6-POSENOISE_s03_0270,P6-POSENOISE_s03,C=CC(=O)N1Cc2cccc(C(=O)Nc3cn(C(=O)Nc4cnc5ccccc5c4)cn3)c2C1,C29
P6-POSENOISE_s03_0271,P6-POSENOISE_s03,C=CC(=O)N1Cc2cccc(C(=O)Nc3cc(Oc4cnc(C(C)C)cn4)ccc3C)c2C1,C34
P6-POSENOISE_s03_0272,P6-POSENOISE_s03,C=CC(=O)N1Cc2cccc(C(=O)Nc3cn([C@@H](C)C(=O)OC)cn3)c2C1,C29
P6-POSENOISE_s03_0273,P6-POSENOISE_s03,C=CC(=O)N1Cc2cccc(C(=O)Nc3cnc(CC(=O)Nc4ccc(C(C)C)c(CC)c4)cn3)c2C1,C40
P6-POSENOISE_s03_0274,P6-POSENOISE_s03,C=CC(=O)N1Cc2cccc(C(=O)NC(C)(C)c3cccc(C(=O)C(C)C)c3)c2C1,C35
P6-POSENOISE_s03_0275,P6-POSENOISE_s03,C=CC(=O)N1Cc2ccc(C(=O)Nc3cn(C)cn3)c(F)c2C1,C22
P6-POSENOISE_s03_0276,P6-POSENOISE_s03,C=CC(=O)N1Cc2cccc(C(=N)c3nn(C)cc3C)c2C1,C24
P6-POSENOISE_s03_0277,P6-POSENOISE_s03,C=CC(=O)N1Cc2cc(Cl)cc(C(=O)Nc3cn(C(=O)C(F)(F)F)cn3)c2C1,C24
P6-POSENOISE_s03_0278,P6-POSENOISE_s03,C=CC(=O)N1Cc2cccc(C(=O)Nc3cn([C@H]4CCN(C(=O)OC)C4)cn3)c2C1,C32
P6-POSENOISE_s03_0279,P6-POSENOISE_s03,C=CC(=O)N1Cc2ccccc2C1C(=O)Nc1ccn(C(C)C)c1,C26
P6-POSENOISE_s03_0280,P6-POSENOISE_s03,C=CC(=O)N1CC2=C(C)C1C(C(=O)Nc1ncn(C(C)C(C)C)c1C)=CC=C2,C34
P6-POSENOISE_s03_0281,P6-POSENOISE_s03,C=CC(=O)N1Cc2cccc(C(=O)Nc3cn(C(C)F)cn3)c2C1,C24
P6-POSENOISE_s03_0282,P6-POSENOISE_s03,C=CC(=O)N1Cc2cccc(C(=O)Nc3cn([C@H]4CC[C@@H](OC)CC4)cn3)c2C1,C33
P6-POSENOISE_s03_0283,P6-POSENOISE_s03,C=CC(=O)N1Cc2cccc(C(=O)Nc3cn(C(=C)O)cn3)c2C1,C23
P6-POSENOISE_s03_0284,P6-POSENOISE_s03,C=CC(=O)N1Cc2cccc(Nc3cnc(C)cn3)c2C1,C21
P6-POSENOISE_s03_0285,P6-POSENOISE_s03,C=CC(=O)N1Cc2cccc(C(=O)Nc3cn([C@H]4C[C@H](O)C4)cn3)c2C1,C27
P6-POSENOISE_s03_0286,P6-POSENOISE_s03,C=CC(=O)N1Cc2cc(C(=O)Nc3cn(C)cn3)cc(C)c2C1,C24
P6-POSENOISE_s03_0287,P6-POSENOISE_s03,C=CC(=O)N1C(=O)Cc2cccc(C(=O)Nc3cn([C@H]4CCN(C(=O)CCl)C4)cn3)c21,C31
P6-POSENOISE_s03_0288,P6-POSENOISE_s03,C=CC(=O)N1Cc2cccc(C(=O)Nc3cn(Cc4ccccc4)cn3)c2C1,C26
P6-POSENOISE_s03_0289,P6-POSENOISE_s03,C=CC(=O)N1Cc2cccc(C(=O)c3ccn(C(C)C)c3)c2C1,C25
P6-POSENOISE_s03_0290,P6-POSENOISE_s03,C=CC(=O)N1Cc2cccc(C(=O)Nc3ccn(C(F)F)c3)c2C1,C22
P6-POSENOISE_s03_0291,P6-POSENOISE_s03,C=CC(=O)N1Cc2cccc(C(=O)Nc3cc(C)n(C)c3)c2C1,C24
P6-POSENOISE_s03_0292,P6-POSENOISE_s03,C=CC(=O)N1Cc2cccc(-n3cnc(C(C)C)c3)c2C1,C23
P6-POSENOISE_s03_0293,P6-POSENOISE_s03,C=CC(=O)N1Cc2cccc(C(=O)Nc3cn([C@H](C)CN4CCCC4)cn3)c2C1,C33
P6-POSENOISE_s03_0294,P6-POSENOISE_s03,C=CC(=O)N1Cc2cccc(C(=O)Nc3cc(-c4cc(F)c(C)nc4C)ncn3)c2C1,C29
P6-POSENOISE_s03_0295,P6-POSENOISE_s03,C=CC(=O)N1Cc2cccc(C(=O)Nc3cc(C)ccn3)c2C1,C23
P6-POSENOISE_s03_0296,P6-POSENOISE_s03,C=CC(=O)N1Cc2cccc(C(=O)Nc3cc(CC(C)(C(C)=O)C(F)(F)F)n(C)c3)c2C1,C34
P6-POSENOISE_s03_0297,P6-POSENOISE_s03,C=CC(=O)N1Cc2cccc(C(=O)Nc3ncc(C)n3C3(C)CC3)c2C1,C28
P6-POSENOISE_s03_0298,P6-POSENOISE_s03,C=CC(=O)N1Cc2cccc(C(=O)Nc3cn([C@@H]4C[C@](C)(C#N)C[C@@H]4C)cn3)c2C1,C33
P6-POSENOISE_s03_0299,P6-POSENOISE_s03,C=CC(=O)N1Cc2cccc(C(=O)Nc3cnc(C)nc3)c2C1,C23
RL_GEOMEAN_0000,RL_GEOMEAN,C=CC(=O)N1Cc2cccc(C(=O)Nc3cccnc3)c2C1,C21
RL_GEOMEAN_0001,RL_GEOMEAN,C=CC(=O)N1Cc2cccc(C(=O)Nc3ccncc3)c2C1,C21
RL_GEOMEAN_0002,RL_GEOMEAN,C=CC(=O)N1Cc2cccc(C(=O)Nc3c[nH]cn3)c2C1,C20
RL_GEOMEAN_0003,RL_GEOMEAN,C=CC(=O)N1Cc2cccc(C(=O)F)c2C1,C16
RL_GEOMEAN_0004,RL_GEOMEAN,C=CC(=O)N1Cc2cccc(C(=O)Nc3cncnc3)c2C1,C21
RL_GEOMEAN_0005,RL_GEOMEAN,C=CC(=O)N1Cc2cccc(C(=O)Nc3cc[nH]c3)c2C1,C20
RL_GEOMEAN_0006,RL_GEOMEAN,C=CC(=O)N1Cc2cccc(CC)c2C1,C18
RL_GEOMEAN_0007,RL_GEOMEAN,C=CC(=O)N1Cc2cccc(C(=O)Nc3cnccn3)c2C1,C21
RL_GEOMEAN_0008,RL_GEOMEAN,C=CC(=O)N1Cc2cccc(C(=O)Nc3ncc(Br)s3)c2C1,C20
RL_GEOMEAN_0009,RL_GEOMEAN,C=CC(=O)N1Cc2cccc(C(=O)Nc3cnc(C)c(C)c3)c2C1,C25
RL_GEOMEAN_0010,RL_GEOMEAN,C=CC(=O)N1Cc2ccc(C(=O)Nc3ccc(C)nc3)cc2C1,C23
RL_GEOMEAN_0011,RL_GEOMEAN,C=CC(=O)N1Cc2cccc(C(=O)Nc3c(F)cccc3F)c2C1,C21
RL_GEOMEAN_0012,RL_GEOMEAN,C=CC(=O)N1Cc2cccc(C(=O)Nc3ccc(C)nc3)c2C1,C23
RL_GEOMEAN_0013,RL_GEOMEAN,C=CC(=O)N1Cc2cccc(C(=O)c3cnoc3)c2C1,C19
RL_GEOMEAN_0014,RL_GEOMEAN,C=CC(=O)N1Cc2cccc(C(=O)Nc3cccc(C)c3)c2C1,C23
RL_GEOMEAN_0015,RL_GEOMEAN,C=CC(=O)N1Cc2cccc(C[C@H](N)CC(C)C)c2C1,C27
RL_GEOMEAN_0016,RL_GEOMEAN,C=CC(=O)N1Cc2cccc(C(=O)Nc3ccccc3C)c2C1,C23
RL_GEOMEAN_0017,RL_GEOMEAN,C=CC(=O)N1Cc2cccc(C(=O)N(C)C)c2C1,C21
RL_GEOMEAN_0018,RL_GEOMEAN,C=CC(=O)N1Cc2cccc(C(=O)NC)c2C1,C19
RL_GEOMEAN_0019,RL_GEOMEAN,C=CC(=O)N1Cc2cccc(C(=O)Nc3ccncn3)c2C1,C21
RL_GEOMEAN_0020,RL_GEOMEAN,C=CC(=O)N1Cc2cccc(C(=O)Nc3cc(C)ccc3C)c2C1,C25
RL_GEOMEAN_0021,RL_GEOMEAN,C=CC(=O)N1Cc2cccc(Cc3c[nH]cn3)c2C1,C19
RL_GEOMEAN_0022,RL_GEOMEAN,C=CC(=O)N1Cc2cccc(CCOc3ccc(F)nc3)c2C1,C23
RL_GEOMEAN_0023,RL_GEOMEAN,C=CC(=O)N1Cc2cccc(C(=O)Nc3cc(C)c(C)cn3)c2C1,C25
RL_GEOMEAN_0024,RL_GEOMEAN,C=CC(=O)N1Cc2cccc(C(=O)Nc3cn(Cc4ccc(F)cc4)cn3)c2C1,C26
RL_GEOMEAN_0025,RL_GEOMEAN,C=CC(=O)N1Cc2cccc(C(=O)Nc3cccc(OCC(C)C)c3)c2C1,C30
RL_GEOMEAN_0026,RL_GEOMEAN,C=CC(=O)N1Cc2cccc(C(=O)Nc3ccco3)c2C1,C20
RL_GEOMEAN_0027,RL_GEOMEAN,C=CC(=O)N1Cc2cccc(C(=O)N(C)c3cccc(F)c3)c2C1,C23
RL_GEOMEAN_0028,RL_GEOMEAN,C=CC(=O)N1Cc2cccc(C(=O)Nc3ccccc3)c2C1,C21
RL_GEOMEAN_0029,RL_GEOMEAN,C=CC(=O)N1Cc2cccc(C(=O)Nc3cccc(F)c3)c2C1,C21
RL_GEOMEAN_0030,RL_GEOMEAN,C=CC(=O)N1Cc2cccc(C(=O)Nc3ccon3)c2C1,C20
RL_GEOMEAN_0031,RL_GEOMEAN,C=CC(=O)N1Cc2cccc(C(=O)Nc3ccnc(C)c3)c2C1,C23
RL_GEOMEAN_0032,RL_GEOMEAN,C=CC(=O)N1Cc2cccc(C(=O)Nc3ccnc(N)c3)c2C1,C22
RL_GEOMEAN_0033,RL_GEOMEAN,C=CC(=O)N1Cc2cccc(C(=O)Nc3ncc[nH]3)c2C1,C20
RL_GEOMEAN_0034,RL_GEOMEAN,C=CC(=O)N1Cc2cccc(C(=O)Nc3ccc4c(ccc5ncccc54)c3)c2C1,C25
RL_GEOMEAN_0035,RL_GEOMEAN,C=CC(=O)N1Cc2cccc(C(=O)Nc3cccc(Cl)c3)c2C1,C21
RL_GEOMEAN_0036,RL_GEOMEAN,C=CC(=O)N1Cc2ccc(C(=O)Nc3cncc(N)c3)cc2C1,C22
RL_GEOMEAN_0037,RL_GEOMEAN,C=CC(=O)N1Cc2cccc(C(=O)Nc3ccnc(O)c3)c2C1,C22
RL_GEOMEAN_0038,RL_GEOMEAN,C=CC(=O)N1Cc2ccc(C(=O)/C=C/c3cn(C(C)C)cn3)cc2C1,C27
RL_GEOMEAN_0039,RL_GEOMEAN,C=CC(=O)N1Cc2cccc(C(=O)Nc3cnc(C)cn3)c2C1,C23
RL_GEOMEAN_0040,RL_GEOMEAN,C=CC(=O)N1Cc2cccc(C(=O)Nc3ccc4ccc(OC)cc4c3)c2C1,C26
RL_GEOMEAN_0041,RL_GEOMEAN,C=CC(=O)N1Cc2cccc(C(=O)Nc3ccc(C)cc3)c2C1,C23
RL_GEOMEAN_0042,RL_GEOMEAN,C=CC(=O)N1Cc2cccc(C(=O)Nc3cnc(-c4nc[nH]c4C)nc3)c2C1,C26
RL_GEOMEAN_0043,RL_GEOMEAN,C=CC(=O)N1Cc2cccc(C(=O)Nc3cncc(Cl)c3)c2C1,C21
RL_GEOMEAN_0044,RL_GEOMEAN,C=CC(=O)N1Cc2cccc(C(=O)Nc3ccn[nH]3)c2C1,C20
RL_GEOMEAN_0045,RL_GEOMEAN,C=CC(=O)N1Cc2cccc(C(=O)Nc3cncc(C)c3)c2C1,C23
RL_GEOMEAN_0046,RL_GEOMEAN,C=CC(=O)N1Cc2cccc(C(=O)Nc3cccnc3C)c2C1,C23
RL_GEOMEAN_0047,RL_GEOMEAN,C=CC(=O)N1Cc2cccc(C(=O)Nc3ncccc3C)c2C1,C23
RL_GEOMEAN_0048,RL_GEOMEAN,C=CC(=O)N1Cc2ccccc2C1,C14
RL_GEOMEAN_0049,RL_GEOMEAN,C=CC(=O)N1Cc2cccc(C(=O)Nc3cn[nH]c3)c2C1,C20
RL_GEOMEAN_0050,RL_GEOMEAN,C=CC(=O)N1Cc2cccc(C(=O)NCc3cccnc3)c2C1,C23
RL_GEOMEAN_0051,RL_GEOMEAN,C=CC(=O)N1Cc2cccc(C(=O)N3CCCC3)c2C1,C23
RL_GEOMEAN_0052,RL_GEOMEAN,C=CC(=O)N1Cc2cccc(C(=O)c3cnccn3)c2C1,C20
RL_GEOMEAN_0053,RL_GEOMEAN,C=CC(=O)N1Cc2cccc(C(=O)Nc3ccccn3)c2C1,C21
RL_GEOMEAN_0054,RL_GEOMEAN,C=CC(=O)N1Cc2cccc(C(=O)Nc3nncs3)c2C1,C20
RL_GEOMEAN_0055,RL_GEOMEAN,C=CC(=O)N1Cc2cccc(C#N)c2C1,C15
RL_GEOMEAN_0056,RL_GEOMEAN,C=CC(=O)NCc1cccc(C(=O)Nc2ncccn2)c1,C21
RL_GEOMEAN_0057,RL_GEOMEAN,C=CC(=O)N1Cc2cccc(C(=O)Nc3ccoc3)c2C1,C20
RL_GEOMEAN_0058,RL_GEOMEAN,C=CC(=O)N1Cc2cccc(C(=O)Nc3ncncc3C)c2C1,C23
RL_GEOMEAN_0059,RL_GEOMEAN,C=CC(=O)N1Cc2cccc(C(=O)Nc3ccc4nccnc4c3)c2C1,C23
RL_GEOMEAN_0060,RL_GEOMEAN,C=CC(=O)N1Cc2cccc(C(=O)Nc3ccc(CC)cc3)c2C1,C25
RL_GEOMEAN_0061,RL_GEOMEAN,C=CC(=O)N1Cc2cccc(C(=O)Cc3ccno3)c2C1,C21
RL_GEOMEAN_0062,RL_GEOMEAN,C=CC(=O)N1Cc2cccc(C(=O)N[C@@H]3CCCNC3)c2C1,C26
RL_GEOMEAN_0063,RL_GEOMEAN,C=CC(=O)N1Cc2cccc(C(=O)Nc3cc(C)cs3)c2C1,C22
RL_GEOMEAN_0064,RL_GEOMEAN,C=CC(=O)N1Cc2cccc(C(=O)Nc3cncs3)c2C1,C20
RL_GEOMEAN_0065,RL_GEOMEAN,C=CC(=O)N1Cc2cccc(C(=O)Nc3ccc(C)c(C)c3)c2C1,C25
RL_GEOMEAN_0066,RL_GEOMEAN,C=CC(=O)N1Cc2cccc(C(=O)Nc3ccsc3)c2C1,C20
RL_GEOMEAN_0067,RL_GEOMEAN,C=CC(=O)N1Cc2cccc(C(=O)c3cccs3)c2C1,C19
RL_GEOMEAN_0068,RL_GEOMEAN,C=CC(=O)N1Cc2cccc(C(=O)Nc3c[nH]cc3O)c2C1,C21
RL_GEOMEAN_0069,RL_GEOMEAN,C=CC(=O)N1Cc2cccc(C(=O)Nc3cn(C)cn3)c2C1,C22
RL_GEOMEAN_0070,RL_GEOMEAN,C=CC(=O)N1Cc2cccc(C(=O)Nc3cncc(C#N)c3)c2C1,C22
RL_GEOMEAN_0071,RL_GEOMEAN,C=CC(=O)N1Cc2cccc(C(=O)Nc3ccn(C)c3)c2C1,C22
RL_GEOMEAN_0072,RL_GEOMEAN,C=CC(=O)N1Cc2cccc(C(C)c3ccc(C)cc3)c2C1,C24
RL_GEOMEAN_0073,RL_GEOMEAN,C=CC(=O)N1Cc2cccc(CNc3nccs3)c2C1,C20
RL_GEOMEAN_0074,RL_GEOMEAN,C=CC(=O)N1Cc2cccc(C(=O)Nc3ccc4ccccc4c3)c2C1,C23
RL_GEOMEAN_0075,RL_GEOMEAN,C=CC(=O)N1Cc2cccc(C(=O)Nc3ccc(C(C)(C)C)cc3)c2C1,C29
RL_GEOMEAN_0076,RL_GEOMEAN,C=CC(=O)N1Cc2cccc(C(=O)Nc3cnc(NC(C)C)cn3)c2C1,C28
RL_GEOMEAN_0077,RL_GEOMEAN,C=CC(=O)N1Cc2cccc(C(=O)Nc3nccs3)c2C1,C20
RL_GEOMEAN_0078,RL_GEOMEAN,C=CC(=O)N1Cc2cccc(C(=O)Nc3ccc([N+](=O)[O-])cc3)c2C1,C22
RL_GEOMEAN_0079,RL_GEOMEAN,C=CC(=O)N1Cc2cccc(C(=O)Nc3nccc(-c4cccnc4)n3)c2C1,C25
RL_GEOMEAN_0080,RL_GEOMEAN,C=CC(=O)N1Cc2cccc(C(=O)Nc3ccnc(-c4cccnc4)c3)c2C1,C25
RL_GEOMEAN_0081,RL_GEOMEAN,C=CC(=O)N1Cc2cccc(C(=O)O)c2C1,C17
RL_GEOMEAN_0082,RL_GEOMEAN,C=CC(=O)N1Cc2ccc(C(=O)Nc3ccoc3)cc2C1,C20
RL_GEOMEAN_0083,RL_GEOMEAN,C=CC(=O)N1Cc2cccc(C(=O)Nc3c[nH]cc3C)c2C1,C22
RL_GEOMEAN_0084,RL_GEOMEAN,C=CC(=O)N1Cc2cccc(C(=O)NC(C)C)c2C1,C23
RL_GEOMEAN_0085,RL_GEOMEAN,C=CC(=O)N1Cc2cccc(C(=O)Nc3ccn(C(=O)O)c3C)c2C1,C25
RL_GEOMEAN_0086,RL_GEOMEAN,C=CC(=O)N1Cc2cccc(C(=O)Nc3ccccc3F)c2C1,C21
RL_GEOMEAN_0087,RL_GEOMEAN,C=CC(=O)N1Cc2cccc(C)c2C1,C16
RL_GEOMEAN_0088,RL_GEOMEAN,C=CC(=O)N1Cc2cccc(C(=O)Nc3ccc(C)cn3)c2C1,C23
RL_GEOMEAN_0089,RL_GEOMEAN,C=CC(=O)N1Cc2cccc(C(=O)NCc3ccno3)c2C1,C22
RL_GEOMEAN_0090,RL_GEOMEAN,C=CC(=O)N1Cc2cccc(C(=O)NCc3ccccc3)c2C1,C23
RL_GEOMEAN_0091,RL_GEOMEAN,C=CC(=O)N1Cc2cccc(C(=O)Nc3cccc(C(F)(F)F)c3)c2C1,C23
RL_GEOMEAN_0092,RL_GEOMEAN,C=CC(=O)N1Cc2cccc(C(=O)N(C)c3cncc(C)c3)c2C1,C25
RL_GEOMEAN_0093,RL_GEOMEAN,C=CC(=O)N1Cc2cccc(C(=O)Nc3cccc(C(C)C)c3)c2C1,C27
RL_GEOMEAN_0094,RL_GEOMEAN,C=CC(=O)N1Cc2cccc(C(=O)Nc3cncc(F)c3)c2C1,C21
RL_GEOMEAN_0095,RL_GEOMEAN,C=CC(=O)N1Cc2ccc(C(=O)Nc3cc(C(F)(F)F)ncn3)cc2C1,C23
RL_GEOMEAN_0096,RL_GEOMEAN,C=CC(=O)N1Cc2cccc(C(=O)NCC)c2C1,C21
RL_GEOMEAN_0097,RL_GEOMEAN,C=CC(=O)N1CCc2cccc(C(=O)Nc3cncc(C)c3)c2C1,C25
RL_GEOMEAN_0098,RL_GEOMEAN,C=CC(=O)N1Cc2cccc(C(=O)Nc3cncc(OC)c3)c2C1,C24
RL_GEOMEAN_0099,RL_GEOMEAN,C=CC(=O)N1Cc2cccc(C(=O)Nc3cccc(O)c3)c2C1,C22
RL_GEOMEAN_0100,RL_GEOMEAN,C=CC(=O)N1Cc2cccc(C(=O)Nc3c(C)oc(C)c3C)c2C1,C26
RL_GEOMEAN_0101,RL_GEOMEAN,C=CC(=O)N1Cc2cccc(C(=O)Nc3ccc(F)cc3)c2C1,C21
RL_GEOMEAN_0102,RL_GEOMEAN,C=CC(=O)N1Cc2cccc(C(=O)Nc3ccc(C)c(F)c3)c2C1,C23
RL_GEOMEAN_0103,RL_GEOMEAN,C=CC(=O)N1Cc2cccc(C(=O)Nc3cnc(N)[nH]3)c2C1,C21
RL_GEOMEAN_0104,RL_GEOMEAN,C=CC(=O)N1Cc2cccc(C(=O)Nc3cc(C)ncn3)c2C1,C23
RL_GEOMEAN_0105,RL_GEOMEAN,C=CC(=O)N1Cc2cccc(C(=O)Nc3cc4cccc(OC)c4nn3)c2C1,C26
RL_GEOMEAN_0106,RL_GEOMEAN,C=CC(=O)N1Cc2cccc(C(=O)Nc3ccc(F)cn3)c2C1,C21
RL_GEOMEAN_0107,RL_GEOMEAN,C=CC(=O)N1Cc2cccc(C(=O)N[C@H](C)c3ncccn3)c2C1,C25
RL_GEOMEAN_0108,RL_GEOMEAN,C=CC(=O)N1Cc2ccc(C(=O)Nc3cc[nH]c3)cc2C1,C20
RL_GEOMEAN_0109,RL_GEOMEAN,C=CC(=O)N1Cc2cccc(C(=O)Nn3ccc(O)c3)c2C1,C21
RL_GEOMEAN_0110,RL_GEOMEAN,C=CC(=O)N1Cc2cccc(C(=O)Nc3cnc[nH]3)c2C1,C20
RL_GEOMEAN_0111,RL_GEOMEAN,C=CC(=O)N1Cc2ccc(C(=O)Nc3ccc(Br)cn3)cc2C1,C21
RL_GEOMEAN_0112,RL_GEOMEAN,C=CC(=O)N1Cc2cccc(C(=O)Nc3ccc(OC)c(C)c3)c2C1,C26
RL_GEOMEAN_0113,RL_GEOMEAN,C=CC(=O)N1Cc2cccc(C[C@H]3CNc4ccccc4C3)c2C1,C25
RL_GEOMEAN_0114,RL_GEOMEAN,C=CC(=O)N1Cc2cccc(Nc3ccc(Cl)cc3)c2C1,C19
RL_GEOMEAN_0115,RL_GEOMEAN,C=CC(=O)N1Cc2cccc(C(=O)Nc3cc(F)ccc3F)c2C1,C21
RL_GEOMEAN_0116,RL_GEOMEAN,C=CC(=O)N1Cc2cccc(C(=O)Nc3c[nH]c(C)c3)c2C1,C22
RL_GEOMEAN_0117,RL_GEOMEAN,C=CC(=O)N1Cc2cccc(C(O)c3cccnc3)c2C1,C21
RL_GEOMEAN_0118,RL_GEOMEAN,C=CC(=O)N1Cc2cccc(C(=O)Nc3cnco3)c2C1,C20
RL_GEOMEAN_0119,RL_GEOMEAN,C=CC(=O)N1Cc2cccc(CCc3ccccn3)c2C1,C22
RL_GEOMEAN_0120,RL_GEOMEAN,C=CC(=O)N1Cc2cccc(C(=O)Nc3ncccn3)c2C1,C21
RL_GEOMEAN_0121,RL_GEOMEAN,C=CC(=O)N1Cc2cccc(C(=O)N(CC)c3ccccn3)c2C1,C25
RL_GEOMEAN_0122,RL_GEOMEAN,C=CC(=O)N1Cc2cccc(Cc3cn(-c4ccc5ccccc5n4)cn3)c2C1,C25
RL_GEOMEAN_0123,RL_GEOMEAN,C=CC(=O)N1Cc2cccc(C(=O)Nc3cc(O)ncn3)c2C1,C22
RL_GEOMEAN_0124,RL_GEOMEAN,C=CC(=O)N1Cc2ccc(C(=O)Nc3cccnc3)cc2C1,C21
RL_GEOMEAN_0125,RL_GEOMEAN,C=CC(=O)N1Cc2cccc(C(=O)c3ccco3)c2C1,C19
RL_GEOMEAN_0126,RL_GEOMEAN,C=CC(=O)N1Cc2cccc(C(=O)Nc3cccs3)c2C1,C20
RL_GEOMEAN_0127,RL_GEOMEAN,C=CC(=O)N1Cc2cccc(C(=O)Nc3cnc(C)c(Cl)c3)c2C1,C23
RL_GEOMEAN_0128,RL_GEOMEAN,C=CC(=O)N1Cc2cccc(C(=O)Nc3ccc(N)cn3)c2C1,C22
RL_GEOMEAN_0129,RL_GEOMEAN,C=CC(=O)N1Cc2cccc(C(=O)Nc3cn(-c4ocnc4C)cn3)c2C1,C25
RL_GEOMEAN_0130,RL_GEOMEAN,C=CC(=O)N1Cc2cccc(C(=O)Nc3ccc[nH]3)c2C1,C20
RL_GEOMEAN_0131,RL_GEOMEAN,C=CC(=O)N1Cc2cccc(C(=O)Nc3cc(C)n(C)c3)c2C1,C24
RL_GEOMEAN_0132,RL_GEOMEAN,C=CC(=O)N1Cc2cccc(C(=O)Nc3cscn3)c2C1,C20
RL_GEOMEAN_0133,RL_GEOMEAN,C=CC(=O)N1Cc2cccc(COc3ccc[nH]3)c2C1,C20
RL_GEOMEAN_0134,RL_GEOMEAN,C=CC(=O)N1Cc2cccc(Cc3c[nH]c(F)c3)c2C1,C19
RL_GEOMEAN_0135,RL_GEOMEAN,C=CC(=O)N1Cc2cccc(C(=O)Nc3ccc(C)c(Br)c3)c2C1,C23
RL_GEOMEAN_0136,RL_GEOMEAN,C=CC(=O)N1Cc2cccc(C(=O)Nc3cn([C@@H](C)O)cn3)c2C1,C25
RL_GEOMEAN_0137,RL_GEOMEAN,C=CC(=O)N1Cc2cccc(CCc3n[nH]cc3C)c2C1,C23
RL_GEOMEAN_0138,RL_GEOMEAN,C=CC(=O)N1Cc2cccc(CC(N)C(=O)NC)c2C1,C24
RL_GEOMEAN_0139,RL_GEOMEAN,C=CC(=O)N1Cc2cccc(C(=O)Nc3cccc(OC)c3)c2C1,C24
RL_GEOMEAN_0140,RL_GEOMEAN,C=CC(=O)N1Cc2cccc(CCc3cccc(F)c3)c2C1,C22
RL_GEOMEAN_0141,RL_GEOMEAN,C=CC(=O)N1Cc2cccc(C(=O)c3cncnc3)c2C1,C20
RL_GEOMEAN_0142,RL_GEOMEAN,C=CC(=O)N1Cc2ccc(C(=O)NCCc3cc(C)[nH]c3C)cc2C1,C28
RL_GEOMEAN_0143,RL_GEOMEAN,C=CC(=O)N1Cc2cccc(C(=O)Nc3cc(C)co3)c2C1,C22
RL_GEOMEAN_0144,RL_GEOMEAN,C=CC(=O)N1Cc2cccc(C(=O)Nc3cc(C)cc(F)c3)c2C1,C23
RL_GEOMEAN_0145,RL_GEOMEAN,C=CC(=O)N1Cc2cccc(Br)c2C1,C14
RL_GEOMEAN_0146,RL_GEOMEAN,C=CC(=O)N1Cc2cccc(C(=O)NC3=CN=C3)c2C1,C20
RL_GEOMEAN_0147,RL_GEOMEAN,C=CC(=O)N1Cc2cccc(C(=O)Nc3cn(-c4ccc(F)cn4)cn3)c2C1,C24
RL_GEOMEAN_0148,RL_GEOMEAN,C=CC(=O)N1Cc2cccc(C(=O)Nc3cc(C(F)F)ncn3)c2C1,C23
RL_GEOMEAN_0149,RL_GEOMEAN,C=CC(=O)N1Cc2ccc(C(=O)Nc3cncc(C)c3)cc2C1,C23
RL_GEOMEAN_0150,RL_GEOMEAN,C=CC(=O)N1Cc2cccc(C(=O)NCc3cccc([N+](=O)[O-])c3)c2C1,C24
RL_GEOMEAN_0151,RL_GEOMEAN,C=CC(=O)N1Cc2cccc(C(=O)Nc3cnccc3O)c2C1,C22
RL_GEOMEAN_0152,RL_GEOMEAN,C=CC(=O)N1Cc2cccc(C(=O)Nc3cn(-c4cccc(F)c4)cn3)c2C1,C24
RL_GEOMEAN_0153,RL_GEOMEAN,C=CC(=O)N1Cc2cccc(C(=O)Nc3cncc(Cl)n3)c2C1,C21
RL_GEOMEAN_0154,RL_GEOMEAN,C=CC(=O)N1[C@@H](C)C[C@H]1c1cccc(C(=O)O)c1,C21
RL_GEOMEAN_0155,RL_GEOMEAN,C=CC(=O)N1Cc2nccc(C(=O)Nc3cccs3)c2C1,C20
RL_GEOMEAN_0156,RL_GEOMEAN,C=CC(=O)N1Cc2cccc(CNc3cncc(C#N)c3)c2C1,C22
RL_GEOMEAN_0157,RL_GEOMEAN,C=CC(=O)N1Cc2cccc(C(=O)Nc3cocn3)c2C1,C20
RL_GEOMEAN_0158,RL_GEOMEAN,C=CC(=O)N1Cc2cccc(C(=O)Nc3cc(Cl)ccn3)c2C1,C21
RL_GEOMEAN_0159,RL_GEOMEAN,C=CC(=O)N1Cc2cccc(C(=O)Nc3cncc(CC)c3)c2C1,C25
RL_GEOMEAN_0160,RL_GEOMEAN,C=CC(=O)N1Cc2cccc(C(=O)Nc3coc(N)c3)c2C1,C21
RL_GEOMEAN_0161,RL_GEOMEAN,C=CC(=O)N1Cc2cccc(C(=O)Nc3cc[nH]n3)c2C1,C20
RL_GEOMEAN_0162,RL_GEOMEAN,C=CC(=O)N1Cc2cccc(C(=O)Nc3ccc(N)cc3)c2C1,C22
RL_GEOMEAN_0163,RL_GEOMEAN,C=CC(=O)N1Cc2cccc(C(=O)Nc3ncn(C)c3C)c2C1,C24
RL_GEOMEAN_0164,RL_GEOMEAN,C=CC(=O)N1Cc2cccc(C(=O)N(C)CC)c2C1,C23
RL_GEOMEAN_0165,RL_GEOMEAN,C=CC(=O)N1Cc2cccc(C(=O)Nc3cncc(Br)c3)c2C1,C21
RL_GEOMEAN_0166,RL_GEOMEAN,C=CC(=O)N1Cc2cccc(C(=O)Nc3cc(CC)ccc3C)c2C1,C27
RL_GEOMEAN_0167,RL_GEOMEAN,C=CC(=O)N1Cc2cccc(C(=O)Nc3ccc(Br)cn3)c2C1,C21
RL_GEOMEAN_0168,RL_GEOMEAN,C=CC(=O)N1Cc2cccc(C(=O)Nc3cnc(C)s3)c2C1,C22
RL_GEOMEAN_0169,RL_GEOMEAN,C=CC(=O)N1Cc2cncc(C(=O)Nc3cccnc3)c2C1,C21
RL_GEOMEAN_0170,RL_GEOMEAN,C=CC(=O)Nc1cccc(C(=O)Nc2cn(-c3cnccn3)cn2)c1,C22
RL_GEOMEAN_0171,RL_GEOMEAN,C=CC(=O)N1Cc2cccc(C(=O)Nc3cccc(Cc4cncc(Cl)c4)c3)c2C1,C27
RL_GEOMEAN_0172,RL_GEOMEAN,C=CC(=O)N1Cc2cccc(C(=O)c3ccccc3)c2C1,C20
RL_GEOMEAN_0173,RL_GEOMEAN,C=CC(=O)N1Cc2cccc(Cl)c2C1,C14
RL_GEOMEAN_0174,RL_GEOMEAN,C=CC(=O)N1Cc2cccc(C(=O)Nc3cnc(N)cn3)c2C1,C22
RL_GEOMEAN_0175,RL_GEOMEAN,C=CC(=O)N1Cc2cccc(C(=O)Nc3ccn(-c4ccccc4)c3)c2C1,C24
RL_GEOMEAN_0176,RL_GEOMEAN,C=CC(=O)N1Cc2cccc(C(=O)Nc3cc(C)ccn3)c2C1,C23
RL_GEOMEAN_0177,RL_GEOMEAN,C=CC(=O)N1Cc2cccc(C(=O)Nc3ccn(-c4cncc(Br)c4)c3)c2C1,C24
RL_GEOMEAN_0178,RL_GEOMEAN,C=CC(=O)N1Cc2cccc(C(=O)Nc3cccc(C(C)(C)F)c3)c2C1,C27
RL_GEOMEAN_0179,RL_GEOMEAN,C=CC(=O)N1Cc2cccc(C(=O)Nc3cncc(C(F)(F)F)c3)c2C1,C23
RL_GEOMEAN_0180,RL_GEOMEAN,C=CC(=O)N1Cc2cccc(C(=O)Nc3cccc(C)n3)c2C1,C23
RL_GEOMEAN_0181,RL_GEOMEAN,C=CC(=O)N1Cc2cccc(C(=O)Nc3cnc(C)cc3F)c2C1,C23
RL_GEOMEAN_0182,RL_GEOMEAN,C=CC(=O)N1Cc2cccc(C(=O)Nc3ccccc3N)c2C1,C22
RL_GEOMEAN_0183,RL_GEOMEAN,C=CC(=O)N1Cc2cccc(C(=O)Nc3c[nH]c4cccc(O)c34)c2C1,C23
RL_GEOMEAN_0184,RL_GEOMEAN,C=CC(=O)N1Cc2cccc(C(=O)Nc3cc(CC)n(C)c3)c2C1,C26
RL_GEOMEAN_0185,RL_GEOMEAN,C=CC(=O)N1Cc2cccc(C(=O)c3cnc[nH]3)c2C1,C19
RL_GEOMEAN_0186,RL_GEOMEAN,C=CC(=O)N1Cc2cccc(C(=O)Nc3cnccc3F)c2C1,C21
RL_GEOMEAN_0187,RL_GEOMEAN,C=CC(=O)N1Cc2cccc(C(N)c3cnccc3C)c2C1,C23
RL_GEOMEAN_0188,RL_GEOMEAN,C=CC(=O)N1Cc2cccc(C(=O)Nc3nc(C)[nH]c3Cl)c2C1,C22
RL_GEOMEAN_0189,RL_GEOMEAN,C=CC(=O)N1Cc2cccc(C(=O)Nc3cncc(N)c3)c2C1,C22
RL_GEOMEAN_0190,RL_GEOMEAN,C=CC(=O)N1Cc2cccc(C(=O)Nc3ccc(S(N)(=O)=O)cc3)c2C1,C24
RL_GEOMEAN_0191,RL_GEOMEAN,C=CC(=O)N1Cc2cccc(C(=O)Nc3ccc4ncccc4c3)c2C1,C23
RL_GEOMEAN_0192,RL_GEOMEAN,C=CC(=O)N1Cc2cccc(C(=O)c3cnco3)c2C1,C19
RL_GEOMEAN_0193,RL_GEOMEAN,C=CC(=O)N1Cc2cccc(C(=O)Nc3ccnc(C(F)(F)F)c3)c2C1,C23
RL_GEOMEAN_0194,RL_GEOMEAN,C=CC(=O)N1Cc2cccc(C(=O)Nc3ncc(Br)o3)c2C1,C20
RL_GEOMEAN_0195,RL_GEOMEAN,C=CC(=O)N1Cc2cccc(C(=O)Nc3cncc(O)c3)c2C1,C22
RL_GEOMEAN_0196,RL_GEOMEAN,C=CC(=O)N1Cc2cccc(C(=O)NCc3cccc(C)n3)c2C1,C25
RL_GEOMEAN_0197,RL_GEOMEAN,C=CC(=O)N1Cc2cccc(C(=O)Nc3cc(OC)n(C)c3)c2C1,C25
RL_GEOMEAN_0198,RL_GEOMEAN,C=CC(=O)N1C(C(=O)Nc2ccc(C)cc2)C1c1cccc(C)c1,C25
RL_GEOMEAN_0199,RL_GEOMEAN,C=CC(=O)N1Cc2cccc(C(=O)Nc3cnoc3)c2C1,C20
RL_GEOMEAN_0200,RL_GEOMEAN,C=CC(=O)N1Cc2cccc(C(=O)Nc3cnc(C(C)C)s3)c2C1,C26
RL_GEOMEAN_0201,RL_GEOMEAN,C=CC(=O)N1Cc2cccc(C(=O)Cc3cncnc3)c2C1,C22
RL_GEOMEAN_0202,RL_GEOMEAN,C=CC(=O)N1Cc2cccc(Cc3ccccc3)c2C1,C20
RL_GEOMEAN_0203,RL_GEOMEAN,C=CC(=O)N1Cc2cccc(CC(=O)c3cccs3)c2C1,C21
RL_GEOMEAN_0204,RL_GEOMEAN,C=CC(=O)N1Cc2cccc(C(=O)Nc3cn(-c4cc(C(N)=O)ccn4)cn3)c2C1,C27
RL_GEOMEAN_0205,RL_GEOMEAN,C=CC(=O)N1Cc2cccc(C(=O)Nc3cn4cc(F)ccc4n3)c2C1,C22
RL_GEOMEAN_0206,RL_GEOMEAN,C=CC(=O)N1Cc2ccc(C(=O)Nc3ccncc3)cc2C1,C21
RL_GEOMEAN_0207,RL_GEOMEAN,C=CC(=O)N1Cc2ccc(C(=O)Nc3ccccc3)cc2C1,C21
RL_GEOMEAN_0208,RL_GEOMEAN,C=CC(=O)N1Cc2cccc(C(=O)c3cccc(O)c3)c2C1,C21
RL_GEOMEAN_0209,RL_GEOMEAN,C=CC(=O)N1Cc2cccc(C(=O)Nc3cccc(Br)c3)c2C1,C21
RL_GEOMEAN_0210,RL_GEOMEAN,C=CC(=O)N1Cc2cccc(C(=O)Nc3ccc(OC)cn3)c2C1,C24
RL_GEOMEAN_0211,RL_GEOMEAN,C=CC(=O)N1Cc2cncc(C(=O)Nc3c[nH]nc3C)c2C1,C22
RL_GEOMEAN_0212,RL_GEOMEAN,C=CC(=O)N1Cc2cccc(C(O)Nc3cncs3)c2C1,C21
RL_GEOMEAN_0213,RL_GEOMEAN,C=CC(=O)N1Cc2ccc(C(=O)Nc3cc(C)oc3C)cc2C1,C24
RL_GEOMEAN_0214,RL_GEOMEAN,C=CC(=O)N1Cc2cccc(C(=O)Nc3ccc([N+](=O)[O-])s3)c2C1,C21
RL_GEOMEAN_0215,RL_GEOMEAN,C=CC(=O)N1Cc2cccc(C(=O)Nc3cnccc3Br)c2C1,C21
RL_GEOMEAN_0216,RL_GEOMEAN,C=CC(=O)N1Cc2cccc(C(=O)Nc3ccc4cnccc4c3)c2C1,C23
RL_GEOMEAN_0217,RL_GEOMEAN,C=CC(=O)N1CCc2cccc(C(=O)Nc3cccnc3)c2C1,C23
RL_GEOMEAN_0218,RL_GEOMEAN,C=CC(=O)N1Cc2cccc(Cc3cncn3-c3ncc(F)cn3)c2C1,C23
RL_GEOMEAN_0219,RL_GEOMEAN,C=CC(=O)N1Cc2cccc(C(=O)Nc3ccc4cccc(C)c4c3)c2C1,C25
RL_GEOMEAN_0220,RL_GEOMEAN,C=CC(=O)N1Cc2cccc(C(=O)Nc3ccnc(Cl)c3)c2C1,C21
RL_GEOMEAN_0221,RL_GEOMEAN,C=CC(=O)N1Cc2ccc(C(=O)Nc3ncc[nH]3)cc2C1,C20
RL_GEOMEAN_0222,RL_GEOMEAN,C=CC(=O)N1Cc2cccc(C(=O)Nc3ccc(O)cn3)c2C1,C22
RL_GEOMEAN_0223,RL_GEOMEAN,C=CC(=O)N1Cc2cccc(C(=O)Nc3cncc4ccccc34)c2C1,C23
RL_GEOMEAN_0224,RL_GEOMEAN,C=CC(=O)N1Cc2cccc(C(=O)Nc3cc(N)ccn3)c2C1,C22
RL_GEOMEAN_0225,RL_GEOMEAN,C=CC(=O)N1Cc2cccc(Cc3ccncc3)c2C1,C20
RL_GEOMEAN_0226,RL_GEOMEAN,C=CC(=O)N1Cc2cccc(C(=O)Nc3ccc(Br)cc3)c2C1,C21
RL_GEOMEAN_0227,RL_GEOMEAN,C=CC(=O)N1Cc2cccc(C(=O)Nc3cccc(CN)c3)c2C1,C24
RL_GEOMEAN_0228,RL_GEOMEAN,C=CC(=O)N1Cc2cccc(C(=O)NC(C)C(C)C)c2C1,C27
RL_GEOMEAN_0229,RL_GEOMEAN,C=CC(=O)N1CC2CC1Cc1c(C(=O)O)cccc12,C21
RL_GEOMEAN_0230,RL_GEOMEAN,C=CC(=O)N1Cc2cccc(C(=O)Nc3cnc(SC)c(Cl)c3)c2C1,C24
RL_GEOMEAN_0231,RL_GEOMEAN,C=CC(=O)N1Cc2cccc(C(=O)Nc3cncc(C(C)NC)c3)c2C1,C28
RL_GEOMEAN_0232,RL_GEOMEAN,C=CC(=O)N1Cc2cccc(C(O)c3cccc(C(=O)O)c3)c2C1,C24
RL_GEOMEAN_0233,RL_GEOMEAN,C=CC(=O)N1Cc2cccc(C(=O)Nc3ccc(F)c(F)c3)c2C1,C21
RL_GEOMEAN_0234,RL_GEOMEAN,C=CC(=O)N1Cc2ccc(C(=O)Nc3cccc(Br)c3)cc2C1,C21
RL_GEOMEAN_0235,RL_GEOMEAN,C=CC(=O)N1Cc2cccc(C(=O)Nc3nccc(C)n3)c2C1,C23
RL_GEOMEAN_0236,RL_GEOMEAN,C=CC(=O)N1Cc2cccc(CNCC(N)CF)c2C1,C24
RL_GEOMEAN_0237,RL_GEOMEAN,C=CC(=O)N1Cc2cccc(CC(C)=O)c2C1,C20
RL_GEOMEAN_0238,RL_GEOMEAN,C=CC(=O)N1Cc2cccc(C(=O)Nc3cn(-c4cccnc4)cn3)c2C1,C24
RL_GEOMEAN_0239,RL_GEOMEAN,C=CC(=O)N1Cc2cccc(C(=O)NCCc3cc[nH]c3)c2C1,C24
RL_GEOMEAN_0240,RL_GEOMEAN,C=CC(=O)N1Cc2cccc(C(=O)Nc3ncc(OC)cn3)c2C1,C24
RL_GEOMEAN_0241,RL_GEOMEAN,C=CC(=O)N1Cc2cccc(C(=O)Nc3cn(C)c4ccc(OC)cc34)c2C1,C27
RL_GEOMEAN_0242,RL_GEOMEAN,C=CC(=O)N1Cc2ccc(C(=O)Nc3cn(-c4ccccn4)cn3)cc2C1,C24
RL_GEOMEAN_0243,RL_GEOMEAN,C=CC(=O)N1Cc2cccc(C(=O)N(c3ccccc3)c3ncc[nH]3)c2C1,C24
RL_GEOMEAN_0244,RL_GEOMEAN,C=CC(=O)N1Cc2cccc(C(=O)c3cccc(CC)c3)c2C1,C24
RL_GEOMEAN_0245,RL_GEOMEAN,C=CC(=O)N1Cc2cccc(C(=O)Nc3cncc(C(F)F)c3)c2C1,C23
RL_GEOMEAN_0246,RL_GEOMEAN,C=CC(=O)N1Cc2cccc(C(=O)Nc3nc[nH]n3)c2C1,C20
RL_GEOMEAN_0247,RL_GEOMEAN,C=CC(=O)N1Cc2cccc(C(=O)Nc3cncc(C)n3)c2C1,C23
RL_GEOMEAN_0248,RL_GEOMEAN,C=CC(=O)N1Cc2cccc(-c3cccnc3)c2C1,C18
RL_GEOMEAN_0249,RL_GEOMEAN,C=CC(=O)N1Cc2cccc(C(=O)Nc3cccn3C)c2C1,C22
RL_GEOMEAN_0250,RL_GEOMEAN,C=CC(=O)N1Cc2cccc(C(=O)Nc3coc(C)c3)c2C1,C22
RL_GEOMEAN_0251,RL_GEOMEAN,C=CC(=O)N1Cc2cccc(C(=O)Nc3ccc(C)[nH]3)c2C1,C22
RL_GEOMEAN_0252,RL_GEOMEAN,C=CC(=O)N1Cc2cccc(C(=O)N=C(N)c3ccncc3)c2C1,C24
RL_GEOMEAN_0253,RL_GEOMEAN,C=CC(=O)N1Cc2cccc(C(=O)Nc3conc3C)c2C1,C22
RL_GEOMEAN_0254,RL_GEOMEAN,C=CC(=O)N1Cc2cccc(C(=O)Nc3cc(Br)cc(O)n3)c2C1,C22
RL_GEOMEAN_0255,RL_GEOMEAN,C=CC(=O)N1Cc2cccc(C(=O)Nc3cn(-c4ccnnc4)cn3)c2C1,C24
RL_GEOMEAN_0256,RL_GEOMEAN,C=CC(=O)N1CCC(Nc2cccc(C(=C)C)c2)=N1,C22
RL_GEOMEAN_0257,RL_GEOMEAN,C=CC(=O)N1Cc2cccc(C(=O)Nc3cnc(O)cn3)c2C1,C22
RL_GEOMEAN_0258,RL_GEOMEAN,C=CC(=O)N1Cc2cccc(C(=O)N[C@H](C)c3ccccc3)c2C1,C25
RL_GEOMEAN_0259,RL_GEOMEAN,C=CC(=O)N1Cc2cccc(C[C@H](O)c3cccc(O)c3)c2C1,C24
RL_GEOMEAN_0260,RL_GEOMEAN,C=CC(=O)N1Cc2cccc(C(=O)Nc3nc(C)cs3)c2C1,C22
RL_GEOMEAN_0261,RL_GEOMEAN,C=CC(=O)N1Cc2cccc([C@@H](Nc3cnccn3)c3ccccn3)c2C1,C25
RL_GEOMEAN_0262,RL_GEOMEAN,C=CC(=O)N1Cc2cccc(C(=O)Nc3cccc4cccc(F)c34)c2C1,C23
RL_GEOMEAN_0263,RL_GEOMEAN,C=CC(=O)N1Cc2cccc(C(=O)Nc3ccc(C(C)C)cc3)c2C1,C27
RL_GEOMEAN_0264,RL_GEOMEAN,C=CC(=O)N1Cc2cccc(C(=O)Nc3cc(C(F)(F)F)ccn3)c2C1,C23
RL_GEOMEAN_0265,RL_GEOMEAN,C=CC(=O)N1Cc2cccc(C(=O)Nc3cccc(CC)c3)c2C1,C25
RL_GEOMEAN_0266,RL_GEOMEAN,C=CC(=O)N1Cc2cccc(C(=O)Nc3c[nH]c4ccccc34)c2C1,C22
RL_GEOMEAN_0267,RL_GEOMEAN,C=CC(=O)N1Cc2cccc(CC(=O)NCc3cc[nH]n3)c2C1,C24
RL_GEOMEAN_0268,RL_GEOMEAN,C=CC(=O)N1Cc2cccc(C(=O)Nc3cnc(C)c(N)c3)c2C1,C24
RL_GEOMEAN_0269,RL_GEOMEAN,C=CC(=O)N1Cc2cccc(C(=O)Nc3cc(C(C)C)[nH]c3F)c2C1,C26
RL_GEOMEAN_0270,RL_GEOMEAN,C=CC(=O)N1Cc2cccc(C(=O)Nc3cc(C)c(C(F)(F)F)cn3)c2C1,C25
RL_GEOMEAN_0271,RL_GEOMEAN,C=CC(=O)N1Cc2cccc(C(=O)Nc3cn(Cc4cccc(F)c4)cn3)c2C1,C26
RL_GEOMEAN_0272,RL_GEOMEAN,C=CC(=O)N1Cc2cccc(C(=O)Nc3cnc(NC)c(C)c3)c2C1,C26
RL_GEOMEAN_0273,RL_GEOMEAN,C=CC(=O)N1Cc2cccc(C(=O)Nc3cc(C)on3)c2C1,C22
RL_GEOMEAN_0274,RL_GEOMEAN,C=CC(=O)N1Cc2cccc(C(=O)Nc3c[nH]nn3)c2C1,C20
RL_GEOMEAN_0275,RL_GEOMEAN,C=CC(=O)N1Cc2c(C(=O)Nc3cccnc3)cccc21,C19
RL_GEOMEAN_0276,RL_GEOMEAN,C=CC(=O)N1Cc2cccc(C(=O)Nc3cccc(C(=O)OC)c3)c2C1,C26
RL_GEOMEAN_0277,RL_GEOMEAN,C=CC(=O)N1Cc2cccc(C(=O)Nc3cnc(C)c(F)c3)c2C1,C23
RL_GEOMEAN_0278,RL_GEOMEAN,C=CC(=O)N1Cc2cccc(C(=O)Nc3c(F)cccc3C#N)c2C1,C22
RL_GEOMEAN_0279,RL_GEOMEAN,C=CC(=O)N1Cc2cccc(C(O)c3cncnc3)c2C1,C21
RL_GEOMEAN_0280,RL_GEOMEAN,C=CC(=O)N1Cc2cccc(C(=O)Nc3coc(C)n3)c2C1,C22
RL_GEOMEAN_0281,RL_GEOMEAN,C=CC(=O)N1Cc2cccc(C(O)C=O)c2C1,C19
RL_GEOMEAN_0282,RL_GEOMEAN,C=CC(=O)N1Cc2cccc(C(=O)NC=O)c2C1,C19
RL_GEOMEAN_0283,RL_GEOMEAN,C=CC(=O)N1Cc2cccc(C(=O)N3CCCCC3)c2C1,C25
RL_GEOMEAN_0284,RL_GEOMEAN,C=CC(=O)N1Cc2c(cccc2C(=O)c2cnc(N)cn2)NC1=O,C22
RL_GEOMEAN_0285,RL_GEOMEAN,C=CC(=O)N1Cc2cccc(C(=O)Nc3cnc(NC4CCOC4)cn3)c2C1,C29
RL_GEOMEAN_0286,RL_GEOMEAN,C=CC(=O)N1Cc2cccc(C(=O)Nc3cnccc3Cl)c2C1,C21
RL_GEOMEAN_0287,RL_GEOMEAN,C=CC(=O)N1Cc2cccc(C(=O)Nc3ccn(C(C)C)n3)c2C1,C26
RL_GEOMEAN_0288,RL_GEOMEAN,C=CC(=O)N1Cc2cccc(C(=O)Nc3cc4ccccc4s3)c2C1,C22
RL_GEOMEAN_0289,RL_GEOMEAN,C=CC(=O)N1Cc2cccc(C(=O)Nc3cnc(C)nc3)c2C1,C23
RL_GEOMEAN_0290,RL_GEOMEAN,C=CC(=O)N1Cc2cccc(C(=O)Oc3cccc(Cl)c3)c2C1,C21
RL_GEOMEAN_0291,RL_GEOMEAN,C=CC(=O)N1Cc2cccc(C(=O)Nc3cnn(C)c3)c2C1,C22
RL_GEOMEAN_0292,RL_GEOMEAN,C=CC(=O)N1Cc2cccc(C(=O)Nc3ncco3)c2C1,C20
RL_GEOMEAN_0293,RL_GEOMEAN,C=CC(=O)N1Cc2cccc(C(=O)Nc3cccnn3)c2C1,C21
RL_GEOMEAN_0294,RL_GEOMEAN,C=CC(=O)N1Cc2ccc(C(=O)Nc3cncc(Cl)c3)cc2C1,C21
RL_GEOMEAN_0295,RL_GEOMEAN,C=CC(=O)N1Cc2cccc(C(=O)Nc3cnn4cccc(C)c34)c2C1,C24
RL_GEOMEAN_0296,RL_GEOMEAN,C=CC(=O)N1Cc2c(cccc2C(=O)Nc2cn(C)cn2)CCN1,C25
RL_GEOMEAN_0297,RL_GEOMEAN,C=CC(=O)N1Cc2cccc(Cc3cncnc3)c2C1,C20
RL_GEOMEAN_0298,RL_GEOMEAN,C=CC(=O)N1Cc2cccc(C(=O)Nc3cnccc3C)c2C1,C23
RL_GEOMEAN_0299,RL_GEOMEAN,C=CC(=O)N1Cc2cccc(Cc3cn(C)cc3C)c2C1,C23
