anchor,target,instr,protein
C#Cc1nn(C2CCCN(C(=O)C=C)C2)c2ncnc(N)c12,C=CC(=O)N1CCC[C@H](C1)n(c(c23)ncnc3N)nc2-c4cccc(c45)cccc5,UP,O14733
CC(=O)N1CCC[C@@H]1C(=O)N[C@@H](C)C(=O)N[C@H](Cc1ccc(O)cc1)C(=O)C1(C)CO1,CC(C)C[C@H](NC(=O)[C@@H]1CCCN1C(=O)[C@H](C)N)C(=O)N[C@@H](CC(C)C)C(=O)C1(C)CO1,DOWN,P30656
COc1cccc(c12)[nH]c(c2)C(=O)N[C@@H](CC(C)C)C(=O)N[C@@H](C[C@@H]3CCNC3=O)C(=O)COC(=O)c4ccccc4C#N,O=C[C@@H](C[C@@H]1CCNC1=O)NC(=O)[C@H](CC1CC1)NC(=O)OCc1ccccc1,UP,P0DTD1
OCC(=O)[C@@H](O)[C@H](O)[C@H](O)[C@H](O)COP(O)(O)=O,O[C@@H](COP(O)(O)=O)[C@@H](O)[C@H](O)C=O,DOWN,Q5NFX0
CC(C)C[C@H](NC(=O)OCc1ccccc1)C(=O)N[C@@H](C[C@@H]1CCNC1=O)C(O)S(=O)(=O)O,CC(C)[C@H](NC(=O)OCc1ccccc1)C(=O)N[C@@H](C)C(=O)N[C@@H](CC(=O)O)C(=O)COC(=O)c1c(Cl)cccc1Cl,UP,P0DTD1
C=CC(=O)Nc1ccc2[nH]c(=O)n(C3CCN(Cc4ccc(-c5nc6cc[nH]c(=O)c6cc5-c5ccccc5)cc4)CC3)c2c1,C=CC(=O)Nc1ccc2[nH]c(=O)n(C3CCN(Cc4ccc(-c5ncc(C(=O)NC)cc5-c5ccccc5)cc4)CC3)c2c1,UP,P31749
CC(C)C[C@H](NC(=O)OCc1ccccc1)C(=O)N[C@@H](C[C@@H]1CCNC1=O)[C@H](O)S(=O)(=O)O,CC(C)[C@H](NC(=O)OCc1ccccc1)C(=O)N[C@@H](C)C(=O)N[C@@H](CC(=O)O)C(=O)COC(=O)c1c(Cl)cccc1Cl,UP,P0DTD1
CC(C)C[C@H](NC(=O)OC[C@H]1C[C@H]2CCC[C@H](C2)C1)C(=O)N[C@@H](C[C@@H]1CCNC1=O)C(O)S(=O)(=O)O,CC(C)C[C@H](NC(=O)OCc1ccccc1)C(=O)N[C@@H](C[C@@H]1CCNC1=O)C(O)S(=O)(=O)O,UP,P0DTD1
CCOC(=O)[C@H]1O[C@@H]1C(=O)N[C@@H]([C@@H](C)O)C(=O)N[C@@H]([C@@H](C)CC)C(O)=O,c1ccccc1CNC(=O)[C@H]2O[C@@H]2C(=O)N[C@@H]([C@@H](C)CC)C(=O)N3CCC[C@H]3C(=O)OCc4ccccc4,DOWN,P07688
ClCC(=O)N1CCN(CC1)S(=O)(=O)c2ccccc2C#N,Oc1ccccc1NC(=O)C2CCN(CC2)C(=O)CCl,DOWN,P0DTD1
CC(C)C[C@H](NC(=O)OCc1ccccc1)C(=O)N[C@@H](C[C@@H]1CCNC1=O)C(=O)S(=O)(=O)[O-],c1cccnc1CNC(=O)C(=O)[C@H](CCC)NC(=O)[C@H](CC(C)C)NC(=O)Oc2ccccc2,DOWN,P0DTD1
C.CC(C)C.CC(C)CC(N)C(=O)NC(C=O)CC1CCNC1=O.O=COCc1ccccc1,CCC[C@H]1CC[C@H](COC(=O)N[C@@H](CC(C)C)C(=O)N[C@@H](C[C@@H]2CCNC2=O)C(O)S(=O)(=O)O)CC1,DOWN,P0DTD1
N=C(N)NCCC[C@H](N)C(=O)C(N)=O,N[C@H](Cc1ccccc1)C(=O)N1CCC[C@H]1C(=O)N[C@@H](CCCNC(N)=N)C(=O)CCl,UP,P00734
CC(C)C[C@@H](C=O)NC(=O)[C@H](CC(C)C)NC(=O)[C@H](CC(C)C)NC(=O)OCc1ccccc1,CC(C)C[C@H](NC(=O)OC[C@H]1C[C@H]2CCC[C@H](C2)C1)C(=O)N[C@H](C=O)C[C@@H]1CCNC1=O,UP,P0DTD1
CC(C)C[C@H](NC(=O)OCC1CCC(F)(F)CC1)C(=O)N[C@@H](C[C@@H]1CCNC1=O)[C@H](O)S(O)(=O)=O,CC(C)C[C@H](NC(=O)OCc1ccccc1)C(=O)N[C@@H](C[C@@H]1CCNC1=O)C(=O)S(=O)(=O)[O-],UP,P0DTD1
CCC[C@H]1CC[C@H](COC(=O)N[C@@H](CC(C)C)C(=O)N[C@@H](C[C@@H]2CCNC2=O)C(O)S(=O)(=O)O)CC1,O=C[C@@H](C[C@@H]1CCNC1=O)NC(=O)[C@H](CC1CC1)NC(=O)OCc1ccccc1,UP,P0DTD1
CC(=O)N[C@@H](CC(=O)O)C(=O)N[C@@H](CCC(=O)O)C(=O)N[C@H](C(=O)N[C@@H](CCC(=O)O)C(=O)CCl)C(C)C,CC(=O)N[C@@H](Cc1c[nH]c2ccccc12)C(=O)N[C@@H](CCC(=O)O)C(=O)N[C@@H](Cc1c[nH]cn1)C(=O)N[C@H](C=O)CC(=O)O,DOWN,P55210
OCC(=O)[C@@H](O)[C@H](O)[C@H](O)COP(O)(O)=O,O[C@@H](COP(O)(O)=O)[C@@H](O)[C@H](O)C=O,DOWN,Q5NFX0
CC(C)C[C@@H](C=CS(C)(=O)=O)NC(=O)[C@H](CC(C)C)NC(=O)[C@H](CC(C)C)NC(=O)OCc1ccccc1,CC(C)C[C@H](NC(=O)[C@@H](Cc1ccc(CN)cc1)NC(=O)[C@H](Cc1ccccc1)N=[N+]=[N-])C(=O)N[C@H](C=CS(C)(=O)=O)Cc1ccc(CN)cc1,UP,P30656
C.CC(C)C.NC(CC1CCCCC1)C(=O)NC(C=O)CC1CCNC1=O.O=COCc1ccccc1,O=C[C@@H](C[C@@H]1CCNC1=O)NC(=O)[C@H](CC1CC1)NC(=O)OCc1ccccc1,UP,P0DTD1
CC(C)CC(NC(=O)OCc1ccc(F)cc1)C(=O)NC(CC1CCNC1=O)C(O)S(=O)(=O)O,COc1cccc2[nH]c(C(=O)NC(CC(C)C)C(=O)NC(CC3CCNC3=O)C(=O)c3nc4ccccc4s3)cc12,UP,P0DTD1
CC(C)C[C@H](NC(=O)OCc1ccc(F)cc1)C(=O)N[C@@H](C[C@@H]1CCNC1=O)C(O)S(=O)(=O)O,CC(C)C[C@H](NC(=O)OCc1ccccc1)C(=O)N[C@@H](C[C@@H]1CCNC1=O)C(=O)S(=O)(=O)[O-],UP,P0DTD1
CC(C)C[C@H](NC(=O)[C@H](CCc1ccccc1)NC(=O)CN1CCOCC1)C(=O)N[C@@H](Cc1ccccc1)C(=O)N[C@@H](CC(C)C)C(=O)[C@@]1(C)CO1,COc1ccc(C[C@H](NC(=O)[C@@H](C)NC(=O)C2=CC3=CCC=CC3=C2C)C(=O)N[C@@H](Cc2ccccc2)C(=O)[C@@]2(C)CO2)cc1,UP,P30656
CC(C)C[C@@H]1NC(=O)O[C@H](c2cccc(Cl)c2)CCCCCNC(=O)CC[C@@H](C=O)NC1=O,c12cn(nn2)CCNC(=O)CC[C@@H](C=O)NC(=O)[C@H](CC3CCCCC3)NC(=O)[C@H](C1)NC(=O)OCc4ccccc4,UP,Q83883
C=CC(=O)N1CC(NC(=O)COc2ccc(Br)cc2C(=O)N2CC=C(c3ccccc3)C2)C1,Cc1cc(on1)C(=O)Nc2cc(Br)ccc2OCC(=O)NC3CN(C3)C(=O)C=C,DOWN,P01116
CC(C)C[C@H](NC(=O)OCc1c(F)c(F)c(F)c(F)c1F)C(=O)N[C@@H](C[C@@H]1CCNC1=O)C(O)S(=O)(=O)O,COc1cccc(c12)[nH]c(c2)C(=O)N[C@@H](CC(C)C)C(=O)N[C@@H](C[C@@H]3CCNC3=O)C(=O)c(s4)nc(c45)cccc5,UP,P0DTD1
CC(=O)/C=C/c1c([nH]c(=O)[nH]c1=O)CC[C@H](O)[C@H](O)[C@H](O)CO,CC(=O)/C=N/c1c([nH]c(=O)[nH]c1=O)NCCCO,UP,Q95460
CC(C)[C@H](NC(=O)[C@H](CC(N)=O)NC(=O)N[C@H](C)c1ccc(Br)cc1)C(=O)N[C@@H](CCCNC(N)=N)C(=O)[C@H]1NC=CS1,CC(C)[C@H](NC(N)=O)C(=O)N[C@@H](CCCNC(N)=N)C(=O)c1nccs1,DOWN,P03951
CC1(C)S[C@@H]2[C@H](N)C(=O)N2[C@H]1C(O)=O,CC1(C)S[C@@H]2[C@H](\N=C\N3CCCCCC3)C(=O)N2[C@H]1C(O)=O,DOWN,P9WKD3
OB(O)c(c1)sc(c12)cccc2,OB(O)c1cc2ccccc2s1,UP,Q47066
CCCC[C@@H](C=O)NC(=O)O[C@@H](C(C)C)Cc1ccccc1,c1ccccc1COC(=O)N[C@@H](CC(C)C)C(=O)NNC(=O)NNC(=O)[C@H](CC(C)C)NC(=O)OCc2ccccc2,DOWN,P43235
CN1CCN(CC1)c1ccc(Nc2ncc(Cl)c(Nc3ccccc3NC(=O)C=C)n2)cc1,CN1CCN(CC1)c1ccc(Nc2ncc(Cl)c(Nc3ccccc3OC(=O)C=C)n2)cc1,DOWN,O43318
CC(=O)N[C@H](CC(C)C)C(=O)N[C@@H](C)C(=O)N[C@H](Cc1ccc(O)cc1)C(=O)C1(C)CO1,CC(=O)[N][C@@H](CC(C)C)C(=O)N[C@H](C)C(=O)N[C@@H](Cc1ccccc1)C(=O)C1(C)CO1,DOWN,P25043
CC(C)C[C@@H](C=O)NC(=O)[C@H](CC(C)C)NC(=O)[C@H](CC(C)C)NC(=O)OCc1ccccc1,CC(C)C[C@H](NC(=O)OCc1ccccc1)C(=O)N[C@@H](C[C@@H]1CCNC1=O)C(=O)S(=O)(=O)[O-],UP,P0DTD1
O[C@@H]1[C@@H](COP(O)(O)=O)O[C@H]([C@@H]1F)n1c(I)cc(=O)[nH]c1=O,O[C@H]1[C@@H](O)[C@@H](O[C@@H]1COP(O)(O)=O)n1cc(F)c(=O)[nH]c1=O,UP,P11172
C=CC(=O)N1CCN(C(=O)COc2ccc(Cl)cc2Cl)CC1,COc1cc(Cl)c(Cl)cc1NCC(=O)N2CCN(CC2)C(=O)C=C,DOWN,P01116
CCC[C@H]1CC[C@H](COC(=O)N[C@@H](CC(C)C)C(=O)N[C@@H](C[C@@H]2CCNC2=O)C(O)S(=O)(=O)O)CC1,COc1cccc(c12)[nH]c(c2)C(=O)N[C@@H](CC(C)C)C(=O)N[C@@H](C[C@@H]3CCNC3=O)C(=O)c(s4)nc(c45)cccc5,UP,P0DTD1
CC(=O)N[C@@H](Cc1cccnc1)C(=O)N[C@@H](CC(=O)[O-])C(=O)N[C@H](CC(=O)N[C@@H](Cc1ccccc1)C(=O)N[C@@H](CC(=O)O)C(=O)COC(=O)c1ccc(C)s1)CC(C)C,CC(=O)SCC(=O)N[C@H](CC(O)=O)C(=O)COC(=O)c1c(Cl)cccc1Cl,UP,P42574
CC(=O)N[C@H](CC(C)C)C(=O)N[C@@H](CC(C)C)C(=O)N[C@@H](CC(C)C)C(=O)C1(C)CO1,CC(C)C[C@@H](C=O)NC(=O)[C@H](CC(C)C)NC(=O)[C@H](CC(C)C)NC(=O)OCc1ccccc1,UP,P25043
CC(C)C[C@H](NC(=O)OC[C@H]1C[C@H]2CCC[C@H](C2)C1)C(=O)N[C@H](C=O)C[C@@H]1CCNC1=O,COc1cccc(c12)[nH]c(c2)C(=O)N[C@@H](CC(C)C)C(=O)N[C@@H](C[C@@H]3CCNC3=O)C(=O)COC(=O)c4ccccc4C#N,DOWN,P0DTD1
N=C(N)NCCC[C@H](N)C(=O)C(N)=O,NC(=N)NCCC[C@H](NC(=O)[C@@H]1CCN2CC[C@@](N)(Cc3ccccc3)C(=O)N12)C(=O)C(=O)NCCc1ccccc1,UP,P00734
CCC[C@H]1CC[C@H](OC(=O)N[C@@H](CC(C)C)C(=O)N[C@@H](C[C@@H]2CCNC2=O)C(O)S(=O)(=O)O)CC1,COc1cccc2[nH]c(C(=O)NC(CC(C)C)C(=O)NC(CC3CCNC3=O)C(=O)c3nc4ccccc4s3)cc12,UP,P0DTD1
CC(NC(=O)c1ccccc1Cc1ccccc1)[BH-](O)O,COc1cccc(OC)c1C(=O)NC(C)[BH-](O)O,DOWN,P39045
COc1cc(OC)c(Cl)c(c1Cl)COc2cnc(nc2)Nc3c(NC(=O)C=C)cc(Cl)cc3Cl,Clc1c(OC)cc(OC)c(Cl)c1-c(c2)c(=O)n(C)c(c23)nc(nc3)N[C@@H]4COC[C@@H]4NC(=O)C=C,UP,P22455
CC(=O)/C=N/c1c([nH]c(=O)[nH]c1=O)NCCO,CC(=O)/C=N/c1c([nH]c(=O)[nH]c1=O)NC[C@H](O)[C@H](O)CCO,UP,Q95460
CCCCCCCC[BH-](O)O,CCCCCC[BH-](O)O,DOWN,Q9I194
CC(C)C[C@H](NC(=O)OCc1ccc(F)cc1)C(=O)N[C@@H](C[C@@H]1CCNC1=O)C(O)S(=O)(=O)O,COc1cccc2[nH]c(C(=O)NC(CC(C)C)C(=O)NC(CC3CCNC3=O)C(=O)c3nc4ccccc4s3)cc12,UP,P0DTD1
CCCNC(=O)[C@@H]1[C@H](O1)C(=O)N[C@@H]([C@@H](C)CC)C(=O)N2CCC[C@H]2C(=O)OCc3ccccc3,COC(=O)CNC(=O)CNC(=O)[C@H](CC(C)C)NC(=O)[C@H]1O[C@@H]1C(=O)N[C@@H](CC(C)C)C(=O)N1CCC[C@H]1C(O)=O,DOWN,P07688
CC(C)C[C@H](NC(=O)OCc1ccccc1)C(=O)N[C@@H](C[C@@H]1CCNC1=O)[C@@H](O)S(O)(=O)=O,COc1cccc(c12)[nH]c(c2)C(=O)N[C@@H](CC(C)C)C(=O)N[C@@H](C[C@@H]3CCNC3=O)C(=O)COC(=O)c4ccccc4C#N,DOWN,P0DTD1
CC(C)C[C@H](NC(=O)[C@H](CCc1ccccc1)NC(=O)CN1CCOCC1)C(=O)N[C@@H](Cc1ccccc1)C(=O)N[C@@H](CC(C)C)C(=O)[C@@]1(C)CO1,COc1ccc(C[C@H](NC(=O)[C@@H](C)NC(=O)C2=CC3=CCC=CC3=C2C)C(=O)N[C@@H](Cc2ccccc2)C(=O)[C@@]2(C)CO2)cc1,UP,P28074
O=C(Cc1ccccc1)NCB(O)O,O=S(=O)(Cc1ccccc1)NCB(O)O.[HH],DOWN,P39045
C.CC(C)C.CC(C)CC(N)C(=O)NC(C=O)CC1CCNC1=O.O=COCc1ccccc1,CC(C)C[C@H](NC(=O)OCc1ccccc1F)C(=O)N[C@@H](C[C@@H]1CCNC1=O)C(O)S(=O)(=O)O,DOWN,P0DTD1
CCCCC\C=C/C\C=C\C=C\C(=O)CCCCC(O)=O,CC\C=C/C\C=C/C\C=C/C\C=C/C\C=C\C=C\C(=O)CCCCC(O)=O,UP,P37231
CC(C)C[C@@H](C=O)NC(=O)[C@H](CC(C)C)NC(=O)[C@H](CC(C)C)NC(=O)OCc1ccccc1,O=CC(CC1CCNC1=O)NC(=O)C1C2CCCC2CN1C(=O)OCc1ccccc1,UP,P0DTD1
CC(=O)/C=N/c1c([nH]c(=O)[nH]c1=O)NCCCCCO,CC(=O)/C=N/c1c([nH]c(=O)[nH]c1=O)NCC[C@H](O)[C@H](O)CO,UP,Q95460
CC(C)C[C@H](NC(=O)OC[C@H]1C[C@H]2C=CC[C@H](C2)C1)C(=O)N[C@@H](C[C@@H]1CCNC1=O)C(=O)S(=O)(=O)O,CC(C)C[C@H](NC(=O)OCc1ccccc1)C(=O)N[C@@H](C[C@@H]1CCNC1=O)C(O)S(=O)(=O)O,UP,P0DTD1
C.CC(C)C.NC(CC1CCCCC1)C(=O)NC(C=O)CC1CCNC1=O.O=COCc1ccccc1,CC(C)C(NC(=O)OCc1ccccc1)C(=O)NC(CC1CCCCC1)C(=O)NC(C=O)CC1CCNC1=O,UP,P0DTD1
CC(=O)N[C@H](Cc1ccccc1)C(=O)N1CCC[C@H]1C(=O)N[C@@H](CCCNC(N)=N)B(O)O,N=C(N)NCCC[C@H](NC(=O)[C@@H]1CCCN1C(=O)[C@H](N)Cc1ccccc1)C(=O)CCl,UP,P00734
C=CS(=O)(=O)NC1CCN(C(=O)CNc2cc(Cl)c(Cl)cc2CC)CC1,CC1(CC1)c1cc(NCC(=O)N2CCN(CC2)C2CN(C2)C(=O)C=C)c(O)cc1Cl,UP,P01116
C=CC(=O)Nc1cccc(Nc2nc(Nc3ccc(OCCOC)cc3)ncc2F)c1,COc1ccc(NC(=O)C=C)cc1Nc2cc(ccn2)-c3nc(CCCO)[nH]c3-c4ccc(F)cc4,UP,P00533
Fc1ccc(cc1)[C@H]2CN(CCO2)C(=O)CCl,c1cccc(c12)[C@@H](CN(C2)C(=O)CCl)c3ccccc3,UP,P0DTD1
CC1(CC1)c1cc(NCC(=O)N2CCN(CC2)C2CN(C2)C(=O)C=C)c(O)cc1Cl,Oc1cc(Cl)c(Cl)cc1NCC(=O)N2CCC(CC2)NS(=O)(=O)C=C,DOWN,P01116
CC(=O)N[C@H](Cc1ccccc1)C(=O)N1CCC[C@H]1C(=O)N[C@@H](CCCNC(N)=N)B(O)O,NC(=N)NCCC[C@H](NC(=O)[C@@H]1CCN2CC[C@@](N)(Cc3ccccc3)C(=O)N12)C(=O)c1nccs1,UP,P00734
COc1cc(OC)c(Cl)c(c1Cl)COc2cnc(nc2)Nc3c(NC(=O)C=C)cccc3F,Clc1c(OC)cc(OC)c(Cl)c1-c(c2)c(=O)n(C)c(c23)nc(nc3)N[C@@H]4COC[C@@H]4NC(=O)C=C,UP,P22455
Cc1ccc(C)c(c1)S(=O)(=O)N2CCN(CC2)C(=O)CCl,ClCC(=O)N1CCN(CC1)S(=O)(=O)c2ccc(Cl)cc2,DOWN,P0DTD1
C/C=C/C(=O)CC[C@@H](C)[C@H]1CC[C@H]([C@@]12C)/C(CCC2)=C/C=C3\C[C@@H](O)C(=C)[C@H](O)C3,C=CC(=O)CC[C@@H](C)[C@H]1CC[C@H]2C(=CC=C3C[C@@H](O)C(=C)[C@H](O)C3)CCC[C@@]21C,UP,P13053
CC(C)(C)c1ccc(N(C(=O)CCl)[C@@H](C(=O)NC2CCCCC2)c2cccnc2)cc1,C[C@H](NC(=O)[C@@H](c1cccnc1)N(C(=O)C(Cl)Cl)c1ccc(-c2ccccc2)cc1)c1ccccc1,UP,P0DTD1
CC[C@H](C)[C@H](NC(=O)[C@H]1O[C@@H]1C(=O)NCc1ccccc1)C(=O)N1CCC[C@H]1C(O)=O,COC(=O)CNC(=O)CNC(=O)[C@H](CC(C)C)NC(=O)[C@H]1O[C@@H]1C(=O)N[C@@H](CC(C)C)C(=O)N1CCC[C@H]1C(O)=O,DOWN,P07688
COc1cc(OC)c(Cl)c(c1Cl)COc2cnc(nc2)Nc3c(NC(=O)C=C)cc(F)cc3Cl,Clc1c(OC)cc(OC)c(Cl)c1-c(c2)c(=O)n(C)c(c23)nc(nc3)N[C@@H]4COC[C@@H]4NC(=O)C=C,UP,P22455
Cc1ccccc1CN1CCCN(CC1)C(=O)CCl,Fc1cccc(c1)S(=O)(=O)N2CCN(CC2)C(=O)CCl,DOWN,P0DTD1
C1CC1NC(=O)C(=O)[C@H](CCCC)NC(=O)[C@H]([C@H]([C@H]23)C3(C)C)N(C2)C(=O)[C@H](C(C)(C)C)NC(=O)NC4(CS(=O)(=O)C(C)(C)C)CCCCC4,CCC[C@H](NC(=O)[C@@H]1[C@H]2CCC[C@H]2CN1C(=O)[C@@H](NC(=O)[C@@H](NC(=O)c1cnccn1)C1CCCCC1)C(C)(C)C)C(=O)C(=O)NC1CC1,UP,P0DTD1
COc1cc(OC)c(Cl)c(c1Cl)COc2cnc(nc2)Nc3c(NC(=O)C=C)cc(Cl)cc3Cl,Cc1cccc(NC(=O)C=C)c1Nc2cc(ncn2)-c3cccnc3Nc4c(Cl)c(OC)cc(c4Cl)OC,UP,P22455
OC[C@H]1O[C@H](OC[C@H]2C[C@H](OC[C@H]3[C@@H]4O[C@@H]4[C@@H](O)[C@@H](O)[C@@H]3O)[C@@H](O)[C@@H](O)[C@@H]2O)[C@@H](O)[C@@H](O)[C@@H]1O,OC[C@H]1O[C@H](OC[C@H]2O[C@H](OC[C@H]3[C@@H]4O[C@@H]4[C@@H](O)[C@@H](O)[C@@H]3O)[C@@H](O)[C@@H](O)[C@@H]2O)[C@@H](O)[C@@H](O)[C@@H]1O,DOWN,A0A6B9HEB8
CC(C)C[C@H](NC(=O)OC[C@@H]1C[C@H]2CCC[C@H](C2)C1)C(=O)N[C@H](C=O)C[C@@H]1CCNC1=O,c1ccccc1OC(=O)N[C@@H](CC(C)C)C(=O)N[C@@H](CC(C)C)C(=O)N[C@@H](C[C@@H]2CCNC2=O)C(=O)C(=O)NC3CC3,DOWN,P0DTD1
CC(C)C[C@@H](C=O)NC(=O)[C@H](CC(C)C)NC(=O)[C@H](CC(C)C)NC(=O)OCc1ccccc1,CC(C)C[C@H](NC(=O)OCc1ccccc1)C(=O)N[C@@H](C[C@@H]1CCNC1=O)[C@H](O)S(=O)(=O)O,UP,P0DTD1
Cc1ccc(C)c(c1)S(=O)(=O)N2CCN(CC2)C(=O)CCl,Cc1ccc(cc1)C(=O)N2CCN(CC2)C(=O)CCl,DOWN,P0DTD1
C=CC(=O)N(c1ccc(C(C)(C)C)cc1)C(C(=O)NCCOC)c1cccnc1,CCc1cccc(C)c1NC(=O)[C@@H](c2cccnc2)N(C(=O)C=C)c3ccc(nc3)C(C)C,UP,P0DTD1
Cc1ccc(C)c(c1)S(=O)(=O)N2CCN(CC2)C(=O)CCl,ClCC(=O)N1CCC(CC1)NC(=O)c2ccccc2,DOWN,P0DTD1
CC(=O)/C=C/c1c([nH]c(=O)[nH]c1=O)CC[C@H](O)[C@H](O)[C@H](O)CO,CC(=O)/C=N/c1c([nH]c(=O)[nH]c1=O)NCCCCO,UP,Q95460
CC(=O)N[C@@H](CC(=O)O)C(=O)N[C@@H](CCC(=O)O)C(=O)N[C@H](C(=O)N[C@@H](CCC(=O)O)C(=O)CCl)C(C)C,CC(C)[C@@H](NC(=O)[C@@H](CCC(=O)O)NC(=O)[C@@H](CC(=O)O)NC(=O)OCc1ccccc1)C(=O)N[C@H](CC(=O)O)C(=O)CCl,DOWN,P42574
CCCCC(C=O)NC(=O)C(CC(C)C)NC(=O)OCc1ccccc1,CSCC[C@@H](C=O)NC(=O)[C@H](CC(C)C)NC(=O)[C@H](CC(C)C)NC(=O)C,DOWN,P0DTD1
C.CC(C)C.NC(Cc1ccccc1)C(=O)NC(C=O)CC1CCNC1=O.O=COCc1ccccc1,CC(C)C[C@H](NC(=O)OCC1=CC=CC=C1)C(=O)N[C@@H](C[C@@H]1CCNC1=O)[C@H](O)S(O)(=O)=O,DOWN,P0DTD1
C=CC(=O)Nc1cc(ccc1Cl)NC(=O)NC2CCN(CC2)Cc3ccc(cc3)-c(nc(c45)cc[nH]c5=O)c(c4)-c6ccccc6,C=CC(=O)Nc1ccc2[nH]c(=O)n(C3CCN(Cc4ccc(-c5ncc(C(=O)NC)cc5-c5ccccc5)cc4)CC3)c2c1,UP,P31749
ClCC(=O)N1CCN(Cc2cccs2)CC1,Fc1cccc(c1)S(=O)(=O)N2CCN(CC2)C(=O)CCl,DOWN,P0DTD1
CC(C)C[C@H](NC(=O)OC[C@H]1C[C@H]2C=CC[C@H](C2)C1)C(=O)N[C@@H](C[C@@H]1CCNC1=O)C(=O)S(=O)(=O)O,COc1cccc(c12)[nH]c(c2)C(=O)N[C@@H](CC(C)C)C(=O)N[C@@H](C[C@@H]3CCNC3=O)C(=O)COC(=O)c4ccccc4C#N,DOWN,P0DTD1
CC(=O)CC(=O)CCC(O)=O,O=C(O)CCC(=O)CCC(=O)CCC(=O)O,UP,P05373
O[C@@H]1C[C@@](O)(CC(=O)[C@H]1O)C(O)=O,O[C@@H]1C[C@@](O)(C[C@]2(CO2)[C@H]1O)C(O)=O,UP,P24670
CC(=O)N[C@@H](Cc1ccc(O)cc1)C(=O)N[C@H](C(=O)N[C@@H](C)C(=O)N[C@H](C=O)CC(=O)O)C(C)C,CC(C)[C@@H](NC(=O)[C@@H](CCC(=O)O)NC(=O)[C@@H](CC(=O)O)NC(=O)OCc1ccccc1)C(=O)N[C@H](CC(=O)O)C(=O)CCl,DOWN,P42574
CC[C@H](C)[C@H](NC(=O)[C@H]1O[C@@H]1C(=O)NCc1ccccc1)C(=O)N1CCC[C@H]1C(O)=O,c1ccccc1CNC(=O)[C@H]2O[C@@H]2C(=O)N[C@@H]([C@@H](C)CC)C(=O)N3CCC[C@H]3C(=O)OCc4ccccc4,DOWN,P07688
C1COCCN1C(=O)N[C@@H](Cc2ccccc2)C(=O)N[C@@H](CCc3ccccc3)/C=C/S(=O)(=O)c4ccccc4,[O-][N+](=O)c1ccc(cc1)OS(=O)(=O)/C=C/[C@H](CCc2ccccc2)NC(=O)[C@H](Cc3ccccc3)NC(=O)OCc4ccccc4,DOWN,P25779
C/C=C/[C@H]1[C@@H](C)[C@@H](O)C[C@H](O1)[C@@H](O)/C=C/C=C(\C)C[C@H](C)/C=C(\C)/C=C/[C@H]2CC=CC(=O)O2,C[C@H](C\C=C\C(\C)=C\[C@@H](C)C(=O)[C@@H](C)[C@H](O)[C@@H](C)C\C(C)=C\C(O)=O)\C=C(\C)/C=C/[C@H]1CC=CC(=O)O1,DOWN,P62826
CC[C@H](OP(=O)(CCC(N)C(=O)O)Oc1ccccc1)C(=O)NCC(=O)O,CO[P@@](=O)(CC[C@H](N)C(O)=O)Oc1cccc(CC(O)=O)c1,DOWN,P19440
CC(C)CC(NC(=O)OCc1ccc(F)cc1)C(=O)NC(CC1CCNC1=O)C(O)S(=O)(=O)O,CC(C)C[C@H](NC(=O)OCc1ccccc1)C(=O)N[C@@H](C[C@@H]1CCNC1=O)C(=O)S(=O)(=O)[O-],UP,P0DTD1
O=C1NCC[C@H]1C[C@@H](/C=C/C(=O)OCC)NC(=O)[C@H](CC#C)n2cccc(c2=O)NC(=O)c3cc(C)on3,O=C1NCC[C@H]1C[C@@H](/C=C/C(=O)OCC)NC(=O)[C@H](Cc2ccc(F)cc2)CC(=O)[C@H](C(C)C)NC(=O)c3noc(C)c3,UP,Q5DSM6
C=CC(=O)N1CCN(C(=O)COc2ccc(Cl)cc2Cl)CC1,CC1(CC1)c1cc(NCC(=O)N2CCN(CC2)C2CN(C2)C(=O)C=C)c(O)cc1Cl,UP,P01116
NC(N)C1CCC(CO[BH-]2OCCO2)CC1,[NH3+]CCCCO[BH-]1OCCO1,DOWN,P00761
OS(=O)(=O)ON1[C@H]2CN([C@@H](CC2)C(=O)NC2CCNCC2)C1=O,[C@@H]12CC[C@@H](C(=O)N)N(C1)C(=O)N2OS([O-])(=O)=O,DOWN,Q9F663
CC(C)C[C@H](NC(=O)O[C@@H](Cc1ccccc1)C1CCC(F)(F)CC1)C(=O)N[C@@H](C[C@@H]1CCNC1=O)C(O)S(=O)(=O)O,COc1cccc(c12)[nH]c(c2)C(=O)N[C@@H](CC(C)C)C(=O)N[C@@H](C[C@@H]3CCNC3=O)C(=O)COC(=O)c4ccccc4C#N,DOWN,P0DTD1
C.CC(C)C.NC(CC1CCCCC1)C(=O)NC(C=O)CC1CCNC1=O.O=COCc1ccccc1,C.CC(C)C.NC(Cc1ccccc1)C(=O)NC(C=O)CC1CCNC1=O.O=COCc1ccccc1,UP,P0DTD1
CC(C)C[C@H](NC(=O)[C@@H](NC(=O)c1cc2ccccc2[nH]1)C(C)C)C(=O)N[C@H](C=O)C[C@@H]1CCNC1=O,O=C1NCC[C@H]1C[C@@H](/C=C/C(=O)OCC)NC(=O)[C@H](CC(C)C)NC(=O)[C@H](C(C)C)NC(=O)[C@H](C)NC(=O)c2cc(on2)C,DOWN,P0C6X7
CC(C)C[C@H](NC(=O)OCc1ccccc1F)C(=O)N[C@@H](C[C@@H]1CCNC1=O)C(O)S(=O)(=O)O,O=CC(CC1CCNC1=O)NC(=O)C1C2CCCC2CN1C(=O)OCc1ccccc1,UP,P0DTD1
COc1cccc(c12)[nH]c(c2)C(=O)N[C@@H](CC(C)C)C(=O)N[C@@H](C[C@@H]3CCNC3=O)C(=O)COC(=O)c4ccccc4C#N,COc1cccc2[nH]c(C(=O)NC(CC(C)C)C(=O)NC(CC3CCNC3=O)C(=O)c3nc4ccccc4s3)cc12,UP,P0DTD1
CC(C)C[C@H](NC(=O)[C@@H](NC(=O)[C@H](C)N)C(C)C)C(=O)N[C@@H](CCC(N)=O)C#N,NC(=O)CC[C@@H](C#N)NC(=O)[C@H](CC(C)C)NC(=O)[C@H](C(C)C)NC(=O)[C@H](C)NC(=O)OCc1ccccc1,DOWN,P0C6U8
CC(=O)N[C@@H](CC(C)C)C(=O)N[C@@H](CC(=O)O)C(=O)N[C@@H](CCC(=O)O)C(=O)N[C@@H](CO)C(=O)N[C@H](C=O)CC(=O)O,CC(=O)N[C@@H](Cc1cccnc1)C(=O)N[C@@H](CC(=O)O)C(=O)N[C@H](CC(=O)N[C@@H](CCC(C)C)C(=O)N[C@@H](CC(=O)O)C(=O)COC(=O)c1c(C)cccc1C)CC(C)C,DOWN,P42574
CC(C)C[C@H](NC(=O)OCC1CCC(F)(F)CC1)C(=O)N[C@@H](C[C@@H]1CCNC1=O)[C@H](O)S(O)(=O)=O,COc1cccc(c12)[nH]c(c2)C(=O)N[C@@H](CC(C)C)C(=O)N[C@@H](C[C@@H]3CCNC3=O)C(=O)c(s4)nc(c45)cccc5,UP,P0DTD1
CC(C)CC(NC(=O)OCc1ccc(F)cc1)C(=O)NC(CC1CCNC1=O)C(O)S(=O)(=O)O,CC(C)CC(NC(=O)OCc1ccccc1)C(=O)NC(CC1CCNC1=O)C(O)S(=O)(=O)O,UP,P0DTD1
C=CC(=O)Nc1cccc(N(C(=O)OCc2ccc(F)cc2)c2ccnc(Nc3ccn(C)n3)n2)c1,COCCSc1nc(-c2ccc(F)cc2)c([nH]1)-c3ccnc(c3)Nc4cc(NC(=O)C=C)ccc4OC,UP,P00533
CC(C)CC(NC(=O)OCc1ccc(F)cc1)C(=O)NC(CC1CCNC1=O)C(O)S(=O)(=O)O,COc1cccc(c12)[nH]c(c2)C(=O)N[C@@H](CC(C)C)C(=O)N[C@@H](C[C@@H]3CCNC3=O)C(=O)c(s4)nc(c45)cccc5,UP,P0DTD1
CC(=O)N[C@@H](CC(=O)[O-])C(=O)N[C@@H](CCC(=O)[O-])C(=O)N[C@H](C(=O)N[C@@H](CC(=O)[O-])C(=O)CCCc1ccccc1)C(C)C,CC(=O)N[C@@H](Cc1ccc(O)cc1)C(=O)N[C@H](C(=O)N[C@@H](C)C(=O)N[C@H](C=O)CC(=O)O)C(C)C,DOWN,P42574
CC(=O)N[C@@H](CC(=O)O)C(=O)N[C@@H](CCC(=O)O)C(=O)N[C@H](C(=O)N[C@@H](CCC(=O)O)C(=O)CCl)C(C)C,CSCC[C@H](NC(=O)[C@H](CC(=O)O)NC(C)=O)C(=O)N[C@@H](CCC(N)=O)C(=O)N[C@H](C=O)CC(=O)O,DOWN,P55210
COc1ccc(C[C@H](NC(=O)[C@H](C)NC(=O)CN2CCOCC2)C(=O)N[C@@H](CC2CCC3CCCCC3C2)C(=O)[C@@]2(C)CO2)cc1,COc1ccc(C[C@H](NC(=O)[C@H](C)NC(=O)CN2CCOCC2)C(=O)N[C@@H](Cc2ccccc2)C(=O)[C@@]2(C)CO2)cc1,DOWN,P30656
CC(C)C[C@H](NC(=O)OC[C@@H]1C[C@H]2CCC[C@H](C2)C1)C(=O)N[C@H](C=O)C[C@@H]1CCNC1=O,CSCC[C@@H](C=O)NC(=O)[C@H](CC(C)C)NC(=O)[C@H](CC(C)C)NC(=O)C,DOWN,P0DTD1
CC(C)NS(=O)(=O)c1cc(ccc1Cl)NC(=O)CCl,ClCC(=O)Nc1ccc(Cl)c(c1)S(=O)(=O)N2CCOCC2,UP,P78417
CC(C)C(NC(=O)OCc1ccccc1)C(=O)NC(CC1CCCCC1)C(=O)NC(C=O)CC1CCNC1=O,CCCCC(C=O)NC(=O)C(CC(C)C)NC(=O)OCc1ccccc1,DOWN,P0DTD1
O=C([O-])c1nnn(c1)C[C@@H](B(O)O)NC(=O)Cc2cccs2,OB(O)[C@H](Cc1cccc(c1)C(O)=O)NC(=O)Cc1cccs1,UP,Q6DRA1
N=C(N)NCCC[C@H](N)C(=O)C(N)=O,N=C(N)NCCC[C@H](NC(=O)[C@@H]1CCCN1C(=O)[C@H](N)Cc1ccccc1)C(=O)CCl,UP,P00734
CC1(C)[C@@H](N2[C@@H](CC2=O)S1(=O)=O)C(O)=O,OC\C=C1/O[C@@H]2CC(=O)N2[C@H]1C(O)=O,DOWN,A0A655AHQ9
CC(C)C[C@H](NC(=O)OCc1ccccc1)C(=O)N[C@@H](C[C@@H]1CCNC1=O)[C@H](O)S(=O)(=O)O,c1ccccc1COC(=O)N[C@@H]([C@@H](C)OC(C)(C)C)C(=O)N[C@@H](CC2CCCCC2)C(=O)N[C@H](C=O)C[C@@H]3CCNC3=O,DOWN,P0DTD1
CC(C)C[C@H](NC(=O)OC[C@@H]1C[C@H]2CCC[C@H](C2)C1)C(=O)N[C@H](C=O)C[C@@H]1CCNC1=O,CC(C)C[C@H](NC(=O)OCc1ccccc1)C(=O)N[C@@H](C[C@@H]1CCNC1=O)C(O)S(=O)(=O)O,UP,P0DTD1
CN1CCN(C(=O)c2ccc3c(c2)B(O)OC3)C(C)(C)C1=O,O=C(O)c1ccc2c(c1)B(O)OC2,DOWN,G3XD46
O=c1[nH]c(=O)n(C2CC(O)C(COP(=O)([O-])[O-])O2)cc1F,O[C@H]1C[C@@H](O[C@@H]1COP(O)(O)=O)n1cc(F)c(=O)[nH]c1=O,UP,P0A884
CC(=O)N[C@H](CC(C)C)C(=O)N[C@@H](C)C(=O)N[C@@H](CCC(=O)O)C(=O)C1(C)CO1,CC(=O)N[C@H](CC(C)C)C(=O)N[C@@H](C)C(=O)N[C@H](Cc1ccc(O)cc1)C(=O)C1(C)CO1,UP,P25043
C.CC(C)C.NC(CC1CCCCC1)C(=O)NC(C=O)CC1CCNC1=O.O=COCc1ccccc1,O=CC(CC1CCNC1=O)NC(=O)C1C2CCCC2CN1C(=O)OCc1ccccc1,UP,P0DTD1
CC[C@H]1[C@@H](N(C1=O)S(=O)(=O)c1ccc(C)cc1)C(O)=O,Cc1ccc(S(F)(=O)=O)cc1,DOWN,P00772
CC(=O)N1CCN(CC1)c2ccc(c(c2)OC)Nc3ncc(C(F)(F)F)c(n3)Nc4cccc(c4)NC(=O)C=C,COc1ccc(NC(=O)C=C)cc1Nc2cc(ccn2)-c3[nH]c(SC)nc3-c4ccc(F)cc4,UP,P00533
CC(C)C[C@H](NC(=O)OCC1=CC=CC=C1)C(=O)N[C@@H](C[C@@H]1CCNC1=O)[C@H](O)S(O)(=O)=O,c1cccnc1CNC(=O)C(=O)[C@H](CCC)NC(=O)[C@H](CC(C)C)NC(=O)Oc2ccccc2,DOWN,P0DTD1
CN1CCN(Cc2ccc(cc2)C(=O)NCc2cccc(COc3ccccc3NC(=O)c3cc(ccc3Cl)[N+]([O-])=O)c2)CC1,O=C(Nc1ccccc1)c1cc([N+](=O)[O-])ccc1Cl,DOWN,P37231
COc1cc(OC)c(Cl)c(c1Cl)COc2cnc(nc2)Nc3c(NC(=O)C=C)cccc3F,Cc1cccc(NC(=O)C=C)c1Nc2cc(ncn2)-c3cccnc3Nc4c(Cl)c(OC)cc(c4Cl)OC,UP,P22455
CC(C)C[C@H](NC(=O)OCc1cccc(F)c1)C(=O)N[C@@H](C[C@@H]1CCNC1=O)C(O)S(=O)(=O)O,COc1cccc2[nH]c(C(=O)NC(CC(C)C)C(=O)NC(CC3CCNC3=O)C(=O)c3nc4ccccc4s3)cc12,UP,P0DTD1
CC(C)CC(NC(=O)OCc1ccccc1)C(=O)NC(CC1CCNC1=O)C(O)S(=O)(=O)O,CC(C)C[C@H](NC(=O)OCc1ccccc1)C(=O)N[C@@H](C[C@@H]1CCNC1=O)C(O)S(=O)(=O)O,UP,P0DTD1
O=C(NCB(O)O)c1c(CO)cccc1CO,O=S(=O)(Cc1ccccc1)NCB(O)O,DOWN,P39045
CN(C)CCSSCCN(C)C(=O)C(C)(C)Oc1ccc(Cl)cc1,CN(C)CCSSCCNC(=O)C(C)(c1ccccc1)c1ccccc1,UP,P03372
COC(=O)/C=C/CNC(=O)CNC(=O)[C@H](CN)NC(=O)[C@H](CCc1nc2ccccc2s1)NC(C)=O,COC(=O)/C=C\CNC(=O)CNC(=O)C(CN)NC(=O)C(CCc1ccc(O)cc1)NC(C)=O,DOWN,P0DTD1
C1CC1NC(=O)C(=O)[C@H](CCCC)NC(=O)[C@H]([C@H]([C@H]23)C3(C)C)N(C2)C(=O)[C@H](C(C)(C)C)NC(=O)NC4(CS(=O)(=O)C(C)(C)C)CCCCC4,CC(C)(C)[C@H](NC(=O)C(F)(F)F)C(=O)N1C[C@H]2[C@@H]([C@H]1C(=O)N[C@H](C#N)C[C@@H]1CCNC1=O)C2(C)C,UP,P0DTD1
CC(C)C[C@H](NC(=O)OCc1c(F)c(F)c(F)c(F)c1F)C(=O)N[C@@H](C[C@@H]1CCNC1=O)C(O)S(=O)(=O)O,CC(C)C[C@H](NC(=O)OCc1ccccc1)C(=O)N[C@@H](C[C@@H]1CCNC1=O)[C@H](O)S(=O)(=O)O,UP,P0DTD1
N#CC(=C1)C(=O)[C@@H](C)[C@@H]([C@]12C)CCc3c2nc(nc3)Nc4ccccc4,c1ccccc1[C@@]23[C@H]([C@H](C)C(=O)C(=C2)C#N)CCc4c3nn(c4)C(=O)c5ccccc5,UP,O75874
CCOP(=O)(OCC)SCC[N+](C)(C)C,CCO[P@](C)(=O)SCCN(C(C)C)C(C)C,DOWN,P06276
C.CC(C)C.NC(CC1CCCCC1)C(=O)NC(C=O)CC1CCNC1=O.O=COCc1ccccc1,CC1(C)C2CN(C(=O)OCc3ccccc3)C(C(=O)NC(C=O)CC3CCNC3=O)C21,UP,P0DTD1
CC(C)C[C@H](NC(=O)OC[C@H]1C[C@H]2CCC[C@H](C2)C1)C(=O)N[C@H](C=O)C[C@@H]1CCNC1=O,CC(C)C[C@H](NC(=O)OCc1ccccc1)C(=O)N[C@@H](C[C@@H]1CCNC1=O)C(O)S(=O)(=O)O,UP,P0DTD1
CC(C)CC(NC(=O)OC(C)C1CCC(F)(F)CC1)C(=O)NC(C=O)CC1CCNC1=O,c1ccccc1OC(=O)N[C@@H](CC(C)C)C(=O)N[C@@H](CC(C)C)C(=O)N[C@@H](C[C@@H]2CCNC2=O)C(=O)C(=O)NC3CC3,DOWN,P0DTD1
N#CN1C[C@@H](CC1)NC(=O)[C@H](CC(C)C)NC(=O)OCc2ccccc2,c1ccccc1COC(=O)N[C@@H](CC(C)C)CN2C[C@H](C(=O)C2)NC(=O)[C@H](CC(C)C)NC(=O)OCc3ccncc3,DOWN,P43235
CC(C)C[C@H](NC(=O)OC[C@H]1C[C@H]2CC[C@@H]1C2)C(=O)N[C@@H](C[C@@H]1CCNC1=O)C(O)S(=O)(=O)O,c1ccccc1OC(=O)N[C@@H](CC(C)C)C(=O)N[C@@H](CC(C)C)C(=O)N[C@@H](C[C@@H]2CCNC2=O)C(=O)C(=O)NC3CC3,DOWN,P0DTD1
CC(C)C[C@H](NC(=O)OC[C@H]1C[C@H]2CCC[C@H](C2)C1)C(=O)N[C@H](C=O)C[C@@H]1CCNC1=O,c1ccccc1OC(=O)N[C@@H](CC(C)C)C(=O)N[C@@H](CC(C)C)C(=O)N[C@@H](C[C@@H]2CCNC2=O)C(=O)C(=O)NC3CC3,DOWN,P0DTD1
CC(C)C[C@H](NC(=O)O[C@H]1CC[C@H](c2ccccc2)CC1)C(=O)N[C@@H](C[C@@H]1CCNC1=O)C(O)S(=O)(=O)O,c1ccccc1OC(=O)N[C@@H](CC(C)C)C(=O)N[C@@H](CC(C)C)C(=O)N[C@@H](C[C@@H]2CCNC2=O)C(=O)C(=O)NC3CC3,DOWN,P0DTD1
CC(=O)N[C@@H](CC(N)=O)C(=O)N[C@@H](CO)C(=O)N[C@@H](Cc1ccccc1)C(=O)N[C@@H](CO)C(=O)N[C@H](C=O)CCC(N)=O,C[C@@H](NC(=O)[C@H](Cc1ccccc1)NC(=O)OCc1ccccc1)C(=O)C1CO1,UP,P0C6X7
C#CCCCC(=O)N[C@@H](Cc1ccccc1)C(=O)N[C@@H](CC(C)C)B(O)O,CC(=O)[N][C@@H](CC(C)C)C(=O)N[C@H](C)C(=O)N[C@@H](Cc1ccccc1)C(=O)C1(C)CO1,DOWN,P25043
CC(C)C[C@H](NC(=O)OCc1ccccc1)C(=O)N[C@@H](C[C@@H]1CCNC1=O)[C@@H](O)S(O)(=O)=O,CC(C)C[C@H](NC(=O)OCc1ccccc1)C(=O)N[C@@H](Cc1ccccc1)C(=O)N[C@H](C=O)CCC(=O)N(C)C,DOWN,Q83883
CC(=O)N[C@@H](CC(=O)O)C(=O)N[C@@H](CC(N)=O)C(=O)N[C@@H](CC(C)C)C(=O)N[C@H](C=O)CC(=O)O,CC(=O)N[C@@H](Cc1c[nH]c2ccccc12)C(=O)N[C@@H](CCC(=O)O)C(=O)N[C@@H](Cc1c[nH]cn1)C(=O)N[C@H](C=O)CC(=O)O,DOWN,P55210
CC(C)C[C@H](NC(=O)OCc1ccccc1)C(=O)N[C@@H](CCC(O)=O)C(=O)N[C@@H]([C@@H](C)O)C(=O)NN(CC(O)=O)C(=O)\C=C\C(=O)N1CCCc2ccccc12,CC(C)[C@H](NC(=O)[C@H](CCC(=O)O)NC(=O)OCc1ccccc1)C(=O)N[C@@H](CC(=O)O)C(=O)CCl,DOWN,Q14790
CC(C)C[C@H](NC(=O)OC[C@H]1C[C@H]2CCC[C@H](C2)C1)C(=O)N[C@H](C=O)C[C@@H]1CCNC1=O,CCOC(=O)C=C[C@H](C[C@@H]1CCNC1=O)NC(=O)[C@@H](CC(=O)[C@@H](NC(=O)c1cc(C)on1)C(C)C)Cc1ccc(F)cc1,UP,P0DTD1
C1CC1NC(=O)C(=O)[C@H](CCC)NC(=O)[C@H]([C@H]([C@H]23)CCC3)N(C2)C(=O)[C@H](C(C)(C)C)NC(=O)[C@H](C4CCCCC4)NC(=O)c5cnccn5,CCC[C@H](NC(=O)[C@@H]1[C@H]2CCC[C@H]2CN1C(=O)[C@@H](NC(=O)[C@@H](NC(=O)c1cnccn1)C1CCCCC1)C(C)(C)C)C(=O)C(=O)NC1CC1,UP,P0DTD1
CC1(C)C(=O)N(S1(=O)=O)Cc2cn(nn2)Cc3ccc(Br)cc3,CC1(C)C(=O)N(S1(=O)=O)Cc2cn(nn2)Cc3ccc(Cl)cc3,DOWN,P00772
C=CC(=O)N1C[C@@H](CCC1)n2nc(c(c23)c(N)ncn3)-c4ccc(cc4)Oc5ccccc5,CC#CC(=O)N1CC[C@H](C1)n2c(=O)n(c(c23)c(N)ncn3)-c4ccc(cc4)Oc5ccccc5,UP,Q06187
c1cccc(c12)[nH]c(c2)C(=O)N[C@@H](CC3CCCCC3)C(=O)N[C@H](C=O)C[C@@H]4CCNC4=O,c1ccccc1OC(=O)N[C@@H](CC(C)C)C(=O)N[C@@H](CC(C)C)C(=O)N[C@@H](C[C@@H]2CCNC2=O)C(=O)C(=O)NC3CC3,DOWN,P0DTD1
OC[C@H](C)C[C@H](C)[C@H](O)[C@@H](C)C(=O)CP(=O)(Oc1ccccc1)Oc2ccccc2,c1ccccc1OP(=O)(CC(=O)[C@H](C)[C@@H](O)CC)Oc2ccccc2,DOWN,Q9ZGI2
CC(=O)N[C@@H](CC(=O)O)C(=O)N[C@@H](CCC(=O)O)C(=O)N[C@H](C(=O)N[C@@H](CCC(=O)O)C(=O)CCl)C(C)C,CC(=O)N[C@@H](Cc1cccnc1)C(=O)N[C@@H](CC(=O)O)C(=O)N[C@H](CC(=O)N[C@@H](CCC(C)C)C(=O)N[C@@H](CC(=O)O)C(=O)COC(=O)c1c(C)cccc1C)CC(C)C,DOWN,P55210
NC(=O)c1cc[n+](cc1)[C@@H]1O[C@H](COP(O)(=O)OP(O)(=O)OC[C@H]2O[C@H]([C@H](O)[C@@H]2O)n2cnc3c(N)ncnc23)[C@@H](O)[C@H]1F,NC(=O)c1cc[n+](cc1)[C@H]1O[C@H](COP(O)(=O)OP(O)(=O)OC[C@H]2O[C@H]([C@H](O)[C@@H]2O)n2cnc3c(N)ncnc23)[C@@H](O)[C@@H]1Cl,UP,P28907
C=CC(=O)Nc1ccc(OC)c(Nc2cc(-c3[nH]c(CCCO)nc3-c3ccc(F)cc3)ccn2)c1,COCCSc1nc(-c2ccc(F)cc2)c([nH]1)-c3ccnc(c3)Nc4cc(NC(=O)C=C)ccc4OC,UP,P00533
Cc1ccc(C)c(c1)S(=O)(=O)N2CCN(CC2)C(=O)CCl,Fc1cccc(c1)S(=O)(=O)N2CCN(CC2)C(=O)CCl,DOWN,P0DTD1
CC(C)C[C@H](NC(=O)OCC1=CC=CC=C1)C(=O)N[C@@H](C[C@@H]1CCNC1=O)[C@H](O)S(O)(=O)=O,CC1(C)C2CN(C(=O)OCc3ccccc3)C(C(=O)NC(C=O)CC3CCNC3=O)C21,UP,P0DTD1
CC(C)C[C@H](NC(=O)O[C@H]1CC[C@H](c2ccccc2)CC1)C(=O)N[C@@H](C[C@@H]1CCNC1=O)C(O)S(=O)(=O)O,c1ccccc1COC(=O)N[C@@H]([C@@H](C)OC(C)(C)C)C(=O)N[C@@H](CC2CCCCC2)C(=O)N[C@H](C=O)C[C@@H]3CCNC3=O,DOWN,P0DTD1
CC(C)C[C@H](NC(=O)OCc1ccccc1)C(=O)N[C@H](C=O)C[C@@H]1CCNC1=O,O=C1NCC[C@H]1C[C@@H](/C=C/C(=O)OCC)NC(=O)[C@H](CC(C)C)NC(=O)[C@H](C(C)C)NC(=O)[C@H](C(C)C)NC(=O)c2ccoc2,DOWN,P0C6X7
CCOC(=O)[C@H]1O[C@@H]1C(=O)N[C@@H]([C@@H](C)CC)C(=O)N[C@@H]([C@@H](C)CC)C(O)=O,CCOC(=O)[C@H]1O[C@@H]1C(=O)N[C@@H]([C@@H](C)CC)C(O)=O,DOWN,P07688
ClCC(=O)N1CCN(CC1)S(=O)(=O)c2ccccc2C#N,Fc1cccc(F)c1S(=O)(=O)N2CCN(CC2)C(=O)CCl,DOWN,P0DTD1
C=CC(=O)N(c1ccc(C(C)(C)C)cc1)C(C(=O)NCCOC)c1cccnc1,C[C@H](NC(=O)[C@@H](c1cccnc1)N(C(=O)C(Cl)Cl)c1ccc(-c2ccccc2)cc1)c1ccccc1,UP,P0DTD1
CC(C)C[C@H](NC(=O)OCc1ccccc1)C(=O)N[C@H](C=O)C[C@@H]1CCNC1=O,O=C1NCC[C@H]1C[C@@H](/C=C/C(=O)OCC)NC(=O)[C@H](CC=C(C)C)CC(=O)[C@H](C(C)C)NC(=O)c2cc(on2)C,DOWN,P0C6X7
Cc1ccccc1CN1CCCN(CC1)C(=O)CCl,ClCC(=O)N1CCC(CC1)NC(=O)c2ccccc2,DOWN,P0DTD1
Oc1cccc(F)c1-c(c(Cl)c2)cc(c23)c(-c4ccccc4)nnc3N5CCN(CC5)C(=O)C=C,c1n[nH]c(c12)ccc(C)c2-c(c(Cl)c3)cc(c34)ncnc4N5CCN(CC5)C(=O)C=C,UP,P01116
CC(NC(=O)C(CC(=O)N1CCCC1)NC(=O)C(NC(=O)CC(C)(C)C)C(C)(C)C)C(=O)C(=O)NCc1ccc(I)cc1,CCC(NC(=O)C(=O)C(C)NC(=O)C(CC(=O)N(C)C)NC(=O)C(NC(=O)C(NC(=O)CCCCCN)C(C)(C)C)C(C)(C)C)c1ccccc1,DOWN,P16753
OC(=O)C1=CN2[C@H](S1)\C(=C/c1cn3CCOCc3n1)C2=O,OC(=O)C1=CS[C@H]2N1C(=O)\C2=C\c1cn2c3CCCc3sc2n1,DOWN,P0AD64
CC(C)C[C@H](NC(=O)OCC1=CC=CC=C1)C(=O)N[C@@H](C[C@@H]1CCNC1=O)[C@H](O)S(O)(=O)=O,CC(C)C[C@H](NC(=O)OCc1ccccc1)C(=O)N[C@@H](C[C@@H]1CCNC1=O)C(O)S(=O)(=O)O,UP,P0DTD1
CCOC(=O)[C@H]1O[C@@H]1C(=O)N[C@@H]([C@@H](C)CC)C(=O)N[C@@H]([C@@H](C)CC)C(O)=O,c1ccccc1CNC(=O)[C@H]2O[C@@H]2C(=O)N[C@@H]([C@@H](C)CC)C(=O)N3CCC[C@H]3C(=O)OCc4ccccc4,DOWN,P07688
CC(C)C[C@H](NC(=O)OCc1cccc(F)c1)C(=O)N[C@@H](C[C@@H]1CCNC1=O)C(O)S(=O)(=O)O,O=CC(CC1CCNC1=O)NC(=O)C1C2CCCC2CN1C(=O)OCc1ccccc1,UP,P0DTD1
CC(C)C[C@H](NC(=O)[C@H](CCc1ccccc1)NC(=O)CN1CCOCC1)C(=O)N[C@@H](Cc1ccccc1)C(=O)N[C@@H](CC(C)C)C(=O)[C@@]1(C)CO1,CC[C@H](C)[C@H](NC(=O)[C@H]([C@@H](C)CC)N(C)C(C)=O)C(=O)N[C@H](C(=O)N[C@@H](CC(C)C)C(=O)[C@@]1(C)CO1)[C@@H](C)O,DOWN,P30656
C=CC(=O)N1CCCC(n2ncc3c(N)ncnc32)C1,C=CC(=O)N1CCC[C@H](C1)n(c(c23)ncnc3N)nc2-c4cccc(c45)cccc5,UP,O14733
CC(=O)N1CCC[C@H]1C(=O)N[C@@H](C)C(=O)N[C@@H](CC(C)C)C(=O)C1(C)CO1,CC(=O)N[C@H](CC(C)C)C(=O)N[C@@H](C)C(=O)N[C@H](Cc1ccc(O)cc1)C(=O)C1(C)CO1,UP,P25043
CC(=O)N[C@H](Cc1ccccc1)C(=O)N1CCC[C@H]1C(=O)N[C@@H](CCCNC(N)=N)B(O)O,N[C@H](Cc1ccccc1)C(=O)N([C@@H](CCCNC(N)=N)C(=O)c1nc2ccccc2s1)C(=O)[C@@H]1CCCN1,UP,P00734
C=CS(=O)(=O)Oc1ccccc1,C=CS(=O)(=O)c1ccccc1,UP,P15273
CC(C)C[C@H](NC(=O)OCc1ccccc1F)C(=O)N[C@@H](C[C@@H]1CCNC1=O)C(O)S(=O)(=O)O,CC1(C)C2CN(C(=O)OCc3ccccc3)C(C(=O)NC(C=O)CC3CCNC3=O)C21,UP,P0DTD1
CC(C)C[C@H](NC(=O)OC[C@@H]1C[C@H]2C=CC[C@H](C2)C1)C(=O)N[C@@H](C[C@@H]1CCNC1=O)C(=O)S(=O)(=O)O,CC(C)C[C@H](NC(=O)OCc1ccccc1)C(=O)N[C@@H](C[C@@H]1CCNC1=O)C(O)S(=O)(=O)O,UP,P0DTD1
ONc1ccn([C@H]2C[C@H](O)[C@@H](COP(O)(O)=O)O2)c(=O)n1,O[C@H]1C[C@@H](O[C@@H]1COP(O)(O)=O)n1cc(F)c(=O)[nH]c1=O,UP,P07607
O=C(CCCCCCc1ccccc1)c1ncc(-c2ccccn2)o1,OC(=O)c1cccc(n1)-c1cnc(o1)C(=O)CCc1ccc(cc1)-c1ccccc1,UP,P97612
CC(C)C[C@H](NC(=O)N1CCNCC1)C(=O)N[C@@H](CCc1ccccc1)\C=C\S(=O)(=O)c1ccccc1,c1ccccc1COC(=O)N[C@@H](CC(C)C)C(=O)N[C@@H]2CN(CC2=O)C(=O)[C@H](CC(C)C)NC(=O)OCc3ccccc3,DOWN,P43235
CC(=O)N[C@@H](CC(C)C)C(=O)N[C@@H](CC(=O)O)C(=O)N[C@@H](CCC(=O)O)C(=O)N[C@@H](CO)C(=O)N[C@H](C=O)CC(=O)O,CC(C)[C@@H](NC(=O)[C@@H](CCC(=O)O)NC(=O)[C@@H](CC(=O)O)NC(=O)OCc1ccccc1)C(=O)N[C@H](CC(=O)O)C(=O)CCl,DOWN,P42574
C#Cc1nn(C2CCCN(C(=O)C=C)C2)c2ncnc(N)c12,CC(=O)c1ccc(cc1)-n2cc(nn2)-c3nn(c(c34)ncnc4N)[C@@H]5CCCN(C5)C(=O)C=C,UP,O14733
COc1cccc(c12)sc(n2)NC(=O)CCl,ClCC(=O)Nc1cccnc1Cl,DOWN,P0DTD1
CC(C)C[C@H](NC(=O)O[C@@H](Cc1ccccc1)C1CCC(F)(F)CC1)C(=O)N[C@@H](C[C@@H]1CCNC1=O)C(O)S(=O)(=O)O,c1ccccc1COC(=O)N[C@@H]([C@@H](C)OC(C)(C)C)C(=O)N[C@@H](CC2CCCCC2)C(=O)N[C@H](C=O)C[C@@H]3CCNC3=O,DOWN,P0DTD1
C=CC(=O)N1CCCC(n2ncc3c(N)ncnc32)C1,CC(=O)c1ccc(cc1)-n2cc(nn2)-c3nn(c(c34)ncnc4N)[C@@H]5CCCN(C5)C(=O)C=C,UP,O14733
ClCC(=O)N1CCN(Cc2ccc(Br)s2)CC1,Fc1cccc(c1)S(=O)(=O)N2CCN(CC2)C(=O)CCl,DOWN,P0DTD1
CC(C)CC(NC(=O)OCC(C)(C)C)C(=O)NC(C=O)CC1CCNC1=O,CC(C)C[C@H](NC(=O)OCc1ccccc1)C(=O)N[C@@H](Cc1ccccc1)C(=O)N[C@H](C=O)CCC(=O)N(C)C,DOWN,Q83883
CC(C)C[C@H](NC(=O)OCC1CCC(F)(F)CC1)C(=O)N[C@@H](C[C@@H]1CCNC1=O)[C@H](O)S(O)(=O)=O,CC(C)C[C@H](NC(=O)OC[C@H]1C[C@H]2C=C[C@@H]1C2)C(=O)N[C@@H](C[C@@H]1CCNC1=O)C(O)S(=O)(=O)O,UP,P0DTD1
CO[C@]1(NC(=O)Cc2cccs2)[C@H]2SCC(COC(N)=O)=C(N2C1=O)C(O)=O,c1ccccc1[C@@H](B(O)O)NC(=O)Cc2cccs2,UP,P00811
CC(C)C[C@H](NC(=O)OCc1cccc(F)c1)C(=O)N[C@@H](C[C@@H]1CCNC1=O)C(O)S(=O)(=O)O,CC(C)C[C@H](NC(=O)OCc1ccccc1)C(=O)N[C@@H](C[C@@H]1CCNC1=O)[C@H](O)S(=O)(=O)O,UP,P0DTD1
CC(=O)OCC1=C(N2[C@H](SC1)[C@H](NC(=O)Cc1cccs1)C2=O)C(O)=O,c1ccccc1[C@@H](B(O)O)NC(=O)Cc2cccs2,UP,P00811
N=C(N)NCCC[C@H](N)C(=O)C(N)=O,N=C(N)NCCC[C@H](NC(=O)[C@@H]1CCCN1C(=O)[C@@H](N)Cc1ccccc1)C(=O)CCl,UP,P00734
NCCONC(=O)C1CCC2CN1C(=O)N2OS(=O)(=O)O,O=C(NC1CCNCC1)C1CCC2CN1C(=O)N2OS(=O)(=O)O,UP,P00811
C=CC(=O)Nc1cccc(Nc2nc(Nc3ccc(OCCOC)cc3)ncc2F)c1,C=CC(=O)Nc1cccc(Oc2nc(Nc3ccc(N4CCN(C)CC4)cc3)nc3[nH]ccc23)c1,UP,P00533
CCCCC(C=O)NC(=O)C(CC(C)C)NC(=O)OCc1ccccc1,c1cccnc1CNC(=O)C(=O)[C@H](CCC)NC(=O)[C@H](CC(C)C)NC(=O)Oc2ccccc2,DOWN,P0DTD1
Clc1ccc(cc1)C2(CC2)C(=O)N3C[C@@H](C[C@H]3C(=O)NC4(C#N)CC4)S(=O)(=O)c5ccccc5Cl,Clc1ccc(s1)C2(CC2)C(=O)N3C[C@@H](C[C@H]3C(=O)NC4(C#N)CC4)S(=O)(=O)c5ccccc5Cl,UP,P07711
CC(C)C(NC(=O)OCc1ccccc1)C(=O)NC(CC1CCCCC1)C(=O)NC(C=O)CC1CCNC1=O,O=C[C@@H](C[C@@H]1CCNC1=O)NC(=O)[C@H](CC1CC1)NC(=O)OCc1cccc(F)c1,DOWN,P0DTD1
CC(=O)/C=C/c1c([nH]c(=O)[nH]c1=O)CC[C@H](O)[C@H](O)[C@H](O)CO,CC(=O)/C=N/c1c([nH]c(=O)[nH]c1=O)NC[C@H](O)[C@H](O)CCO,UP,Q95460
OB(CNS(=O)(=O)c1ccc(nc1)-c1nnn[nH]1)OP(O)(O)=O,OB(Cn1cc(CNS(=O)(=O)CC(F)(F)F)nn1)OP(O)(O)=O,UP,Q6DRA1
O=C1NCC[C@H]1C[C@@H](/C=C/C(=O)OCC)NC(=O)[C@H](CC=C(C)C)CC(=O)[C@H](C(C)C)NC(=O)c2cc(on2)C,O=C1NCC[C@H]1C[C@@H](/C=C/C(=O)OCC)NC(=O)[C@H](Cc2ccccc2)NC(=O)[C@H](CC(=O)OC(C)(C)C)NC(=O)OCc3ccccc3,UP,P0C6X7
CC(=O)N[C@@H](CC(=O)O)C(=O)N[C@@H](CCC(=O)O)C(=O)N[C@H](C(=O)N[C@@H](CC(=O)O)C(=O)CCl)C(C)C,CC(=O)N[C@@H](Cc1cccnc1)C(=O)N[C@@H](CC(=O)O)C(=O)N[C@H](CC(=O)N[C@@H](CCC(C)C)C(=O)N[C@@H](CC(=O)O)C(=O)COC(=O)c1c(C)cccc1C)CC(C)C,DOWN,P42574
CC(=O)OC[C@H]1CS[C@@H]2[C@H](NC(=O)CCCC[C@H](NC(=O)CN)C(O)=O)C(=O)N2[C@@H]1C(O)=O,C[C@@H](NC(=O)[C@@H](C)NC(=O)[C@H](CCC1=C(N2[C@H](SC1)[C@H](NC(=O)Cc1ccccc1)C2=O)C(O)=O)NC(=O)CC[C@@H](NC(C)=O)C(O)=O)C(O)=O,UP,P15555
OC(=O)c1cccc(n1)-c1cnc(o1)C(=O)CCCCCCc1ccccc1,OC(=O)c1cccc(n1)-c1cnc(o1)C(=O)CCc1ccc(cc1)-c1ccccc1,UP,P97612
C=CC(=O)N(c1ccc(C(C)(C)C)cc1)C(C(=O)NC)c1cccnc1,C[C@H](NC(=O)[C@@H](c1cccnc1)N(C(=O)C(Cl)Cl)c1ccc(-c2ccccc2)cc1)c1ccccc1,UP,P0DTD1
CC(C)C[C@H](NC(=O)[C@H](CCc1ccccc1)NC(=O)CN1CCOCC1)C(=O)N[C@@H](Cc1ccccc1)C(=O)N[C@@H](CC(C)C)C(=O)[C@@]1(C)CO1,CC1=C(C(=O)N[C@H](C)C(=O)N[C@@H](Cc2c[nH]c3ccccc23)C(=O)NC(Cc2ccccc2)C(=O)[C@@]2(C)CO2)Cc2ccccc21,UP,P28074
CC(=O)NC1=NC(=O)C2=C(N1)N=CC(C=O)=N2,O=Cc(cn1)nc(c12)c(N)nc(n2)N,DOWN,Q95460
CN(C)C(=O)CCNc1nc(N2CCN(CC2)C(=O)C=C)c2cc(Cl)c(cc2n1)-c1cc(O)cc2ccccc12,c1n[nH]c(c12)ccc(C)c2-c(c(Cl)c3)cc(c34)ncnc4N5CCN(CC5)C(=O)C=C,UP,P01116
CC(=O)N[C@H](Cc1ccccc1)C(=O)N1CCC[C@H]1C(=O)N[C@@H](CCCNC(N)=N)B(O)O,NC(=[NH2+])NCCC[C@H](NC(=O)[C@@H]1CCCN1C(=O)[C@H](N)Cc1ccccc1)C(=O)CCl,UP,P00734
CC(=O)/C=N/c1c([nH]c(=O)[nH]c1=O)NCCCCCO,CC(=O)/C=N/c1c([nH]c(=O)[nH]c1=O)NC[C@H](O)[C@H](O)CCO,UP,Q95460
OB(O)[C@@H](NC(=O)Cc1cccs1)c1cccc(\C=C\C(O)=O)c1,OB(O)c1ccc(\C=C\C(O)=O)cc1,DOWN,P00811
C=CC(=O)N(c1ccc(C(C)(C)C)cc1)C(C(=O)NC)c1cccnc1,CCc1cccc(C)c1NC(=O)[C@H](N(C(=O)C=C)c2cc([nH]n2)C(C)(C)C)c3cccnc3,UP,P0DTD1
CC(C)C[C@H](NC(=O)[C@H](CCc1ccccc1)NC(=O)CN1CCOCC1)C(=O)N[C@@H](Cc1ccccc1)C(=O)N[C@@H](CC(C)C)C(=O)[C@@]1(C)CO1,COc1ccc(C[C@H](NC(=O)[C@H](C)NC(=O)CN2CCOCC2)C(=O)N[C@@H](CC2CCC3CCCCC3C2)C(=O)[C@@]2(C)CO2)cc1,UP,P30656
CC(C)CC(NC(=O)OC(C)C1CCC(F)(F)CC1)C(=O)NC(C=O)CC1CCNC1=O,COc1cccc(c12)[nH]c(c2)C(=O)N[C@@H](CC(C)C)C(=O)N[C@@H](C[C@@H]3CCNC3=O)C(=O)COC(=O)c4ccccc4C#N,DOWN,P0DTD1
Oc1cccc(F)c1-c(c(Cl)c2)cc(c23)c(-c4ccccc4)nnc3N5CCN(CC5)C(=O)C=C,c1[nH]nc(c12)ccc(C)c2-c(c(Cl)c3)cc(c34)ncc5c4N6[C@@H](CO5)CN(CC6)C(=O)C=C,UP,P01116
Cc1ccccc1CN1CCCN(CC1)C(=O)CCl,ClCC(=O)N1CCC(CC1)C(=O)N2CCCCC2,DOWN,P0DTD1
N#CN1C[C@@H](CC1)NC(=O)[C@H](CC(C)C)NC(=O)OCc2ccccc2,c1ccccc1COC(=O)N[C@@H](CC(C)C)C(=O)NNC(=O)NNC(=O)c2cccc(c2)OCc3ccccc3,DOWN,P43235
CC(C)CC(NC(=O)OC(C)C1CCC(F)(F)CC1)C(=O)NC(C=O)CC1CCNC1=O,CCOC(=O)C=C[C@H](C[C@@H]1CCNC1=O)NC(=O)[C@@H](CC(=O)[C@@H](NC(=O)c1cc(C)on1)C(C)C)Cc1ccc(F)cc1,UP,P0DTD1
COC[C@H](NC(=O)c1cnc(C)s1)C(=O)N[C@@H](COC)C(=O)N[C@@H](Cc1ccccc1)C(=O)[C@@]1(C)CO1,COc1ccc(C[C@H](NC(=O)[C@@H](C)NC(=O)C2=CC3=CCC=CC3=C2C)C(=O)N[C@@H](Cc2ccccc2)C(=O)[C@@]2(C)CO2)cc1,UP,P28074
CC(C)C[C@@H](C=O)NC(=O)[C@H](CC(C)C)NC(=O)[C@H](CC(C)C)NC(=O)OCc1ccccc1,O=C(CCl)CNC(=O)[C@H](Cc1ccccc1)NC(=O)CNC(=O)OCc1ccccc1,DOWN,P00784
CCOC(=O)[C@H]1O[C@@H]1C(=O)N[C@@H]([C@@H](C)CC)C(=O)N[C@@H](C)C(O)=O,c1ccccc1CNC(=O)[C@H]2O[C@@H]2C(=O)N[C@@H]([C@@H](C)CC)C(=O)N3CCC[C@H]3C(=O)OCc4ccccc4,DOWN,P07688
CSC1=C(N2[C@@H]([C@@H]([C@@H](C)O)C2=O)[C@H]1C)C(O)=O,C[C@@H](O)[C@@H]1[C@H]2[C@@H](C)C(S[C@@H]3CN[C@@H](C3)C(=O)NC3=CC=CC(=C3)C(O)=O)=C(N2C1=O)C(O)=O,DOWN,I6Y9J2
ClCC(=O)N1CCN(Cc2cccs2)CC1,Fc1cccc(F)c1S(=O)(=O)N2CCN(CC2)C(=O)CCl,DOWN,P0DTD1
ClCC(=O)N1CCN(Cc2cccs2)CC1,c1cccc(c12)[C@@H](CN(C2)C(=O)CCl)c3ccccc3,UP,P0DTD1
CC(C)C[C@H](NC(=O)OCc1c(F)c(F)c(F)c(F)c1F)C(=O)N[C@@H](C[C@@H]1CCNC1=O)C(O)S(=O)(=O)O,COc1cccc2[nH]c(C(=O)NC(CC(C)C)C(=O)NC(CC3CCNC3=O)C(=O)c3nc4ccccc4s3)cc12,UP,P0DTD1
CC(C)[C@H](NC(=O)c1ccc(C(=O)O)cc1)C(=O)N1CCC[C@H]1C(=O)N[C@H](C(=O)C(F)(F)F)C(C)C,FC(F)(F)C(=O)[C@H](C(C)C)NC(=O)[C@@H]1CCCN1C(=O)[C@H](C(C)C)NC(=O)c2ccc(C(=O)[O-])cc2,DOWN,P00772
C=CC(=O)N(c1ccc(C(C)(C)C)cc1)C(C(=O)NC)c1cccnc1,C=CC(=O)N(c1ccc(C(C)(C)C)cc1)C(C(=O)NCCC(=O)OCC)c1cccnc1,UP,P0DTD1
Fc1ccc(cc1)[C@H]2CN(CCO2)C(=O)CCl,Fc1cccc(c1)S(=O)(=O)N2CCN(CC2)C(=O)CCl,DOWN,P0DTD1
CC(=O)N[C@@H](CC(C)C)C(=O)N[C@@H](CC(=O)O)C(=O)N[C@@H](CCC(=O)O)C(=O)N[C@@H](CO)C(=O)N[C@H](C=O)CC(=O)O,CC(=O)N[C@@H](Cc1c[nH]c2ccccc12)C(=O)N[C@@H](CCC(=O)O)C(=O)N[C@@H](Cc1c[nH]cn1)C(=O)N[C@H](C=O)CC(=O)O,DOWN,P55210
COC(=O)c(c1)ccc(c12)N(CCC2)C(=O)C=C,c1cccc(c12)N(C(=O)C=C)CCN2C(=O)OC,DOWN,P24941
CC(C)C[C@H](NC(=O)OC[C@@H]1C[C@H]2CCC[C@H](C2)C1)C(=O)N[C@H](C=O)C[C@@H]1CCNC1=O,CCOC(=O)C=C[C@H](C[C@@H]1CCNC1=O)NC(=O)[C@@H](CC(=O)[C@@H](NC(=O)c1cc(C)on1)C(C)C)Cc1ccc(F)cc1,UP,P0DTD1
C=CC(=O)N1CCCC(n2nc(I)c3c(N)ncnc32)C1,C=CC(=O)N1CCC[C@H](C1)n(c(c23)ncnc3N)nc2-c4cccc(c45)cccc5,UP,O14733
C.CC(C)C.NC(Cc1ccccc1)C(=O)NC(C=O)CC1CCNC1=O.O=COCc1ccccc1,CC(C)C[C@H](NC(=O)OCc1cccc(F)c1)C(=O)N[C@@H](C[C@@H]1CCNC1=O)C(O)S(=O)(=O)O,DOWN,P0DTD1
Cc1ccc(cc1)S(=O)(=O)N2CCN(CC2)C(=O)CCl,Fc1ccc(cc1)[C@H]2CN(CCO2)C(=O)CCl,UP,P0DTD1
C=CC(=O)Nc1ccc2ncnc(Nc3cccc(Br)c3)c2c1,C=CC(=O)Nc1cccc(Nc2nc(Nc3ccc(OCCOC)cc3)ncc2F)c1,DOWN,P00533
ClCC(=O)N1CCN(CC1)S(=O)(=O)c2ccccc2C#N,c1cccc(c12)[C@@H](CN(C2)C(=O)CCl)c3ccccc3,UP,P0DTD1
CC(C)C[C@H](NC(=O)[C@H](CCc1ccccc1)NC(=O)CN1CCOCC1)C(=O)N[C@@H](Cc1ccccc1)C(=O)N[C@@H](CC(C)C)C(=O)[C@@]1(C)CO1,CCCC[C@H](NC(=O)[C@@H]1CC(F)(F)CN1C(=O)[C@H](C)NC(=O)CN=[N+]=[N-])C(=O)N[C@@H](CC(C)C)C(=O)C1(C)CO1,DOWN,P25043
N#C/C(=C\c1cccc(C(=O)c2c[nH]c3ncccc23)c1)C(N)=O,N#CC(=Cc1ccc2[nH]ncc2c1)C(N)=O,DOWN,P51812
C=CC(=O)N1CCN(C(=O)COc2ccc(Cl)cc2Cl)CC1,c1n[nH]c(c12)ccc(C)c2-c(c(Cl)c3)cc(c34)ncnc4N5CCN(CC5)C(=O)C=C,UP,P01116
CCCCCCCC[P@](=O)(Oc1ccc([N+]([O-])=O)cc1)OC[C@H](OCCCC)COCCCC,CCCCOC[C@@H](OCCCC)CO[P@@](=O)(CCC)Oc1ccc([N+]([O-])=O)cc1,DOWN,B2CZF4
COC(=O)/C=C/CNC(=O)c(c(=O)[nH]1)cc(c12)CCC2,COC(=O)/C=C/CNC(=O)c(c(=O)[nH]1)cc(c12)CCCC2,DOWN,Q96EP0
COc1cc(OC)c(Cl)c(c1Cl)COc2cnc(nc2)Nc3c(NC(=O)C=C)cccc3C,Clc1c(OC)cc(OC)c(Cl)c1-c(c2)c(=O)n(C)c(c23)nc(nc3)N[C@@H]4COC[C@@H]4NC(=O)C=C,UP,P22455
CC(C)C[C@H](NC(=O)[C@H](CCc1ccccc1)NC(=O)CN1CCOCC1)C(=O)N[C@@H](Cc1ccccc1)C(=O)N[C@@H](CC(C)C)C(=O)[C@@]1(C)CO1,CCCC[C@H](NC(=O)[C@@H]1CCCN1C(=O)[C@H](C)NC(=O)CN=[N+]=[N-])C(=O)N[C@@H](CC(C)C)C(=O)C1(C)CO1,DOWN,P25043
CC(=O)/C=N/c1c([nH]c(=O)[nH]c1=O)NCCCCCO,CC(=O)/C=N/c1c([nH]c(=O)[nH]c1=O)NCCCO,UP,Q95460
CC(C)C[C@H](NC(=O)OC1CCC(C)(C)CC1)C(=O)N[C@@H](C[C@@H]1CCNC1=O)C(O)S(=O)(=O)O,COc1cccc2[nH]c(C(=O)NC(CC(C)C)C(=O)NC(CC3CCNC3=O)C(=O)c3nc4ccccc4s3)cc12,UP,P0DTD1
CCCCCCCC=CC=CC(=O)N[C@H](C(=O)N[C@H]1C[C@@H](O)CCNC(=O)C=C[C@H](C)NC1=O)[C@@H](C)O,C[C@H]1/C=C/C(=O)NCC[C@H](O)C[C@H](NC(=O)[C@@H](NC(=O)/C=C/c2ccccc2)[C@@H](C)O)C(=O)N1,UP,P25043
CC(C)C(NC(=O)OCc1ccccc1)C(=O)NC(CC1CCCCC1)C(=O)NC(C=O)CC1CCNC1=O,CC(C)C[C@H](NC(=O)OCc1ccccc1F)C(=O)N[C@@H](C[C@@H]1CCNC1=O)C(O)S(=O)(=O)O,DOWN,P0DTD1
CCOC(=O)C1OC1C(=O)NC(Cc1ccc(O)cc1)C(=O)[O-],CCOC(=O)[C@H]1O[C@@H]1C(=O)N[C@@H](Cc1ccc(O)cc1)C(O)=O,DOWN,Q7L8A9
CC(=O)/C=N/c1c([nH]c(=O)[nH]c1=O)NCCO,CC(=O)/C=N/c1c([nH]c(=O)[nH]c1=O)NC[C@H](O)C[C@H](O)CO,UP,Q95460
CC(C)[C@H](NC(=O)c1ccc(C(=O)O)cc1)C(=O)N1CCC[C@H]1C(=O)N[C@H](C(=O)C(F)(F)F)C(C)C,FC(F)(F)C(F)(F)C(=O)[C@H](C(C)C)NC(=O)[C@@H]1CCCN1C(=O)[C@H](C(C)C)NC(=O)c2ccc(cc2)C(=O)N3CCOCC3,DOWN,P00772
CC(=O)/C=N/c1c([nH]c(=O)[nH]c1=O)NCCO,CC(=O)/C=N/c1c([nH]c(=O)[nH]c1=O)NC[C@H](O)[C@H](O)[C@H](O)CO,UP,Q95460
COc1cc(OC)c(Cl)c(c1Cl)-c(c2)ccc(c23)nc(nc3)Nc4c(C)cccc4NC(=O)C=C,Cc1cccc(NC(=O)C=C)c1Nc2cc(ncn2)-c3cccnc3Nc4c(Cl)c(OC)cc(c4Cl)OC,UP,P22455
C=CC(=O)Nc1cccc(-n2c(=O)cc(C)c3cnc(Nc4ccc(N5CCN(C)CC5)cc4OC)nc32)c1,C=CC(=O)Nc1cccc(Nc2nc(Nc3ccc(OCCOC)cc3)ncc2F)c1,DOWN,P00533
CC(=O)/C=N/c1c([nH]c(=O)[nH]c1=O)NCCO,CC(=O)/C=N/c1c([nH]c(=O)[nH]c1=O)NCC[C@H](O)[C@H](O)CO,UP,Q95460
COC(=O)[C@H](NC(=O)c1ccc2c(c1)B(O)OC2)c1ccccc1,O=C(O)c1ccc2c(c1)B(O)OC2,DOWN,G3XD46
CC(C)C[C@H](NC(=O)OC[C@H]1C[C@H]2C=C[C@@H]1C2)C(=O)N[C@@H](C[C@@H]1CCNC1=O)C(O)S(=O)(=O)O,CC(C)C[C@H](NC(=O)OCc1ccccc1)C(=O)N[C@@H](C[C@@H]1CCNC1=O)C(O)S(=O)(=O)O,UP,P0DTD1
CC1=C(C(=O)N[C@H](C)C(=O)N[C@@H](Cc2c[nH]c3ccccc23)C(=O)NC(Cc2ccccc2)C(=O)[C@@]2(C)CO2)Cc2ccccc21,COc1ccc(C[C@H](NC(=O)[C@H](C)NC(=O)CN2CCOCC2)C(=O)N[C@@H](Cc2ccccc2)C(=O)[C@@]2(C)CO2)cc1,DOWN,P30656
O=C(C)N[C@@H](C)C(=O)N1[C@@H](CCC1)C(=O)N[C@@H](CC(C)C)C(=O)N[C@@H](CC(C)C)C(=O)[C@]2(C)CO2,O=C(C)N[C@@H](CC(C)C)C(=O)N[C@@H](C)C(=O)N[C@@H](C(C)C)C(=O)[C@@]1(C)OC1,DOWN,P23638
Cc1ccccc1CN1CCCN(CC1)C(=O)CCl,Fc1cccc(F)c1S(=O)(=O)N2CCN(CC2)C(=O)CCl,DOWN,P0DTD1
O=CC(CC1CCNC1=O)NC(=O)C1C2CCCC2CN1C(=O)OCc1ccccc1,c1cccc(c12)[nH]c(c2)C(=O)N[C@@H](CC3CCCCC3)C(=O)N[C@H](C=O)C[C@@H]4CCNC4=O,DOWN,P0DTD1
CC(=O)N[C@@H](CC(C)C)C(=O)N[C@@H](C)C(=O)N[C@@H](CC(C)C)C(=O)C1(C)CO1,COc1ccc(C[C@H](NC(=O)[C@H](C)NC(=O)CN2CCOCC2)C(=O)N[C@@H](CC2CCC(C)CC2)C(=O)[C@@]2(C)CO2)cc1,UP,P25043
OB(O)CNC(=O)Cc1cccs1,c1ccccc1[C@@H](B(O)O)NC(=O)Cc2cccs2,UP,P00811
ClCC(=O)N1CCN(CC1)S(=O)(=O)c2ccccc2C#N,Fc1cccc(c1)S(=O)(=O)N2CCN(CC2)C(=O)CCl,DOWN,P0DTD1
CCCCNC(=O)OC[C@@H](OC(=O)NCCCC)CO[P@@](=O)(CCCC)Oc1ccc([N+]([O-])=O)cc1,CCOP(=O)(OCC)Oc1ccc([N+](=O)[O-])cc1,DOWN,P00590
CC(C)C[C@H](NC(=O)OCc1ccccc1)C(=O)N[C@@H](C[C@@H]1CCNC1=O)C(=O)S(=O)(=O)[O-],c1ccccc1COC(=O)N[C@@H]([C@@H](C)OC(C)(C)C)C(=O)N[C@@H](CC2CCCCC2)C(=O)N[C@H](C=O)C[C@@H]3CCNC3=O,DOWN,P0DTD1
COc1cccc2[nH]c(C(=O)NC(CC(C)C)C(=O)NC(CC3CCNC3=O)C(=O)c3nc4ccccc4s3)cc12,c1ccccc1OC(=O)N[C@@H](CC(C)C)C(=O)N[C@@H](CC(C)C)C(=O)N[C@@H](C[C@@H]2CCNC2=O)C(=O)C(=O)NC3CC3,DOWN,P0DTD1
COc1cc(OC)c(Cl)c(c1Cl)-c(c2)ccc(c23)nc(nc3)Nc4c(C)cccc4NC(=O)C=C,Clc1c(OC)cc(OC)c(Cl)c1-c(c2)c(=O)n(C)c(c23)nc(nc3)N[C@@H]4COC[C@@H]4NC(=O)C=C,UP,P22455
O=C1NCC[C@H]1C[C@@H](/C=C/C(=O)OCC)NC(=O)[C@H](CC(C)C)NC(=O)[C@H](C(C)C)NC(=O)[C@H](C(C)C)NC(=O)c2ccoc2,O=C1NCC[C@H]1C[C@@H](/C=C/C(=O)OCC)NC(=O)[C@H](Cc2ccccc2)NC(=O)[C@H](CC(=O)OC(C)(C)C)NC(=O)OCc3ccccc3,UP,P0C6X7
CC(=O)N[C@@H](CC(=O)O)C(=O)N[C@@H](Cc1ccccc1)C(=O)N[C@@H](CC(C)C)C(=O)N[C@@H](C)C(=O)N[C@@H](CCC(=O)O)C(=O)NCC(=O)NCC(=O)NCC(=O)N[C@H](C(=O)N[C@@H](CCCNC(=N)N)C(=O)CCl)C(C)C,N=C(N)NCCC[C@H](NC(=O)[C@@H]1CCCN1C(=O)[C@@H](Cc1ccccc1)NC(=O)CS)C(=O)CCl,UP,P00734
CC(C)CC(NC(=O)OCc1ccc(F)cc1)C(=O)NC(CC1CCNC1=O)C(O)S(=O)(=O)O,CC(C)C[C@H](NC(=O)OCc1ccccc1)C(=O)N[C@@H](C[C@@H]1CCNC1=O)C(O)S(=O)(=O)O,UP,P0DTD1
CC(=O)N[C@@H](CC(=O)O)C(=O)N[C@@H](CCC(=O)O)C(=O)N[C@H](C(=O)N[C@@H](CCC(=O)O)C(=O)CCl)C(C)C,CC(=O)N[C@@H](Cc1cccnc1)C(=O)N[C@@H](CC(=O)O)C(=O)N[C@H](CC(=O)N[C@@H](CCC(C)C)C(=O)N[C@@H](CC(=O)O)C(=O)COC(=O)c1c(C)cccc1C)CC(C)C,DOWN,P42574
CC(C)C[C@H](NC(=O)OCc1cccc(F)c1)C(=O)N[C@@H](C[C@@H]1CCNC1=O)C(O)S(=O)(=O)O,CC1(C)C2CN(C(=O)OCc3ccccc3)C(C(=O)NC(C=O)CC3CCNC3=O)C21,UP,P0DTD1
CC(=O)N[C@@H](CC(=O)[O-])C(=O)N[C@@H](CCC(=O)[O-])C(=O)N[C@H](C(=O)N[C@@H](CC(=O)[O-])C(=O)CCCc1ccccc1)C(C)C,CSCC[C@H](NC(=O)[C@H](CC(=O)O)NC(C)=O)C(=O)N[C@@H](CCC(N)=O)C(=O)N[C@H](C=O)CC(=O)O,DOWN,P42574
ClCC(=O)N1CCN(Cc2ccc(Cl)s2)CC1,Fc1cccc(c1)S(=O)(=O)N2CCN(CC2)C(=O)CCl,DOWN,P0DTD1
CC(=O)N[C@@H](CC(=O)O)C(=O)N[C@@H](CCC(=O)O)C(=O)N[C@H](C(=O)N[C@@H](CCC(=O)O)C(=O)CCl)C(C)C,CC(=O)N[C@@H](Cc1ccc(O)cc1)C(=O)N[C@H](C(=O)N[C@@H](C)C(=O)N[C@H](C=O)CC(=O)O)C(C)C,DOWN,P42574
CC(C)CC(NC(=O)OCc1ccccc1)C(=O)NC(CC1CCNC1=O)C(O)S(=O)(=O)O,CC(C)[C@H](NC(=O)OCc1ccccc1)C(=O)N[C@@H](C)C(=O)N[C@@H](CC(=O)O)C(=O)COC(=O)c1c(Cl)cccc1Cl,UP,P0DTD1
C=CC(=O)N1CCC[C@H](c2cnc(Oc3ccc(Oc4ccccc4)cc3)c(C(N)=O)c2)C1,CC(C)(C)/C=C(\C#N)C(=O)N1CCC[C@H](C1)n2nc(c(c23)c(N)ncn3)-c4ccc(cc4)Oc5ccccc5,UP,Q06187
CC(=O)/C=C/c1c(C)[nH]c(=O)[nH]c1=O,CC(=O)/C=C/c1c([nH]c(=O)[nH]c1=O)CC[C@H](O)[C@H](O)[C@H](O)CO,UP,Q95460
CC(C)C[C@H](NC(=O)OCc1cccc(F)c1)C(=O)N[C@@H](C[C@@H]1CCNC1=O)C(O)S(=O)(=O)O,COc1cccc(c12)[nH]c(c2)C(=O)N[C@@H](CC(C)C)C(=O)N[C@@H](C[C@@H]3CCNC3=O)C(=O)c(s4)nc(c45)cccc5,UP,P0DTD1
ClCC(=O)N1CCN(CC1)C(=O)c2cccs2,ClCC(=O)N1CCN(CC1)S(=O)(=O)c2ccc(Cl)cc2,DOWN,P0DTD1
O=C(C)N[C@@H](C)C(=O)N1[C@@H](CCC1)C(=O)N[C@@H](CC(C)C)C(=O)N[C@@H](CC(C)C)C(=O)[C@]2(C)CO2,O=C(C)N[C@@H](CC(C)C)C(=O)N[C@@H](C)C(=O)N[C@@H](C)C(=O)[C@@]1(C)OC1,DOWN,P23638
CC(C)C[C@H](NC(=O)OCc1cccc(F)c1)C(=O)N[C@@H](C[C@@H]1CCNC1=O)C(O)S(=O)(=O)O,CCOC(=O)C=C[C@H](C[C@@H]1CCNC1=O)NC(=O)[C@@H](CC(=O)[C@@H](NC(=O)c1cc(C)on1)C(C)C)Cc1ccc(F)cc1,UP,P0DTD1
CC(C)(C)OC(=O)N[C@@H](CCc(oc12)nn2)C(=O)N[C@@H](CC3CCCCC3)C(=O)N[C@H](C=O)CCC(=O)NCCCC1,c12cn(nn2)CCCCCCNC(=O)CC[C@@H](C=O)NC(=O)[C@H](CC3CCCCC3)NC(=O)[C@H](C1)NC(=O)OCc4ccccc4,UP,Q83883
CC(C)C[C@H](NC(=O)OC[C@H]1C[C@H]2C=CC[C@H](C2)C1)C(=O)N[C@@H](C[C@@H]1CCNC1=O)C(=O)S(=O)(=O)O,c1ccccc1COC(=O)N[C@@H]([C@@H](C)OC(C)(C)C)C(=O)N[C@@H](CC2CCCCC2)C(=O)N[C@H](C=O)C[C@@H]3CCNC3=O,DOWN,P0DTD1
CCCNC(=O)[C@@H]1O[C@H]1C(=O)N[C@@H]([C@@H](C)CC)C(=O)N1CCC[C@H]1C(O)=O,COC(=O)CNC(=O)CNC(=O)[C@H](CC(C)C)NC(=O)[C@H]1O[C@@H]1C(=O)N[C@@H](CC(C)C)C(=O)N1CCC[C@H]1C(O)=O,DOWN,P07688
CC(C)C[C@H](NC(=O)N1CCNCC1)C(=O)N[C@@H](CCc1ccccc1)\C=C\S(=O)(=O)c1ccccc1,c1ccccc1COC(=O)N[C@@H](CC(C)C)C(=O)NNC(=O)NNC(=O)[C@H](CC(C)C)NC(=O)OCc2ccccc2,DOWN,P43235
CC(C)C[C@H](NC(=O)[C@H](Cc1ccccc1)NC(=O)[C@H](CCC1CCCCC1)NC(=O)[C@H](Cc1ccccc1)N=[N+]=[N-])C(=O)[C@@]1(C)CO1,CC[C@H](C)[C@H](NC(=O)[C@H](C)NC(=O)[C@H](CC(C)C)NC(C)=O)C(=O)C1(C)CO1,DOWN,P25043
CC(C)C[C@H](NC(=O)[C@H](CCc1ccccc1)NC(=O)CN1CCOCC1)C(=O)N[C@@H](Cc1ccccc1)C(=O)N[C@@H](CC(C)C)C(=O)[C@@]1(C)CO1,CCCCCC(=O)N[C@H](C(=O)N[C@@H](CC[S@@](C)=O)C(=O)N[C@@H](CC(C)C)C(=O)[C@]1(C)CO1)C(C)C,UP,P30656
CC(C)C[C@H](NC(=O)OC(C)(C)C1CCC(F)(F)CC1)C(=O)N[C@@H](C[C@@H]1CCNC1=O)C(O)S(=O)(=O)O,CC(C)C[C@H](NC(=O)OCc1ccccc1)C(=O)N[C@@H](C[C@@H]1CCNC1=O)C(O)S(=O)(=O)O,UP,P0DTD1
CC(C)C[C@H](NC(=O)OCc1ccccc1)C(=O)N[C@@H](C[C@@H]1CCNC1=O)C(=O)S(=O)(=O)[O-],CC(C)C[C@H](NC(=O)OCc1ccccc1)C(=O)N[C@@H](C[C@@H]1CCNC1=O)C(O)S(=O)(=O)O,UP,P0DTD1
CCCCC(C=O)NC(=O)C(CC(C)C)NC(=O)OCc1ccccc1,COC(=O)CC[C@H](NC(=O)[C@H](C)NC(=O)[C@@H](NC(=O)OCc1ccccc1)C(C)C)C(=O)CF,DOWN,P0DTD1
CC(C)C[C@H](NC(=O)OCC1CCC(F)(F)CC1)C(=O)N[C@@H](C[C@@H]1CCNC1=O)[C@H](O)S(O)(=O)=O,CC(C)C[C@H](NC(=O)OCc1ccccc1)C(=O)N[C@@H](C[C@@H]1CCNC1=O)[C@H](O)S(=O)(=O)O,UP,P0DTD1
O=C([O-])c1nnn(c1)C[C@@H](B(O)O)NC(=O)Cc2cccs2,OB(O)[C@@H](NC(=O)Cc1cccs1)c1cccc(c1)C(O)=O,UP,Q6DRA1
CC(C)C[C@H](NC=O)C(=O)N[C@@H](CCCNC(N)=N)C(=O)N[C@@H](CO)C(=O)N[C@@H](CCCNC(N)=N)C(=O)COC(=O)c1c(C)cccc1C,CC(C)[C@H]([N]C(=O)OCc1ccccc1)C(=O)N[C@@H](CCCNC(=N)N)C(=O)N1CCC[C@H]1C(=O)N[C@@H](CCCNC(=N)N)C(=O)CF,DOWN,Q9UDY8
CS(=O)(=O)SCCCCC(=O)NO,CS(=O)(=O)SCCCNC(=O)C[C@@H](CC(=O)NO)c1ccc(Cl)cc1Cl,UP,P0DPI0
CC(=O)N[C@@H](CC(=O)O)C(=O)N[C@@H](CCC(=O)O)C(=O)N[C@H](C(=O)N[C@@H](CCC(=O)O)C(=O)CCl)C(C)C,CSCC[C@H](NC(=O)[C@H](CCC(N)=O)NC(=O)[C@H](CC(=O)O)NC(C)=O)C(=O)N[C@H](C=O)CC(=O)O,DOWN,P55210
CC(=O)N[C@@H](CC(=O)O)C(=O)N[C@@H](CCC(=O)O)C(=O)N[C@H](C(=O)N[C@@H](CC(=O)O)C(=O)CCl)C(C)C,CC(=O)N[C@@H](Cc1cccnc1)C(=O)N[C@@H](CC(=O)O)C(=O)N[C@H](CC(=O)N[C@@H](CCC(C)C)C(=O)N[C@@H](CC(=O)O)C(=O)COC(=O)c1c(C)cccc1C)CC(C)C,DOWN,P55210
CC(C)CC(NC(=O)OC(C)C1CCC(F)(F)CC1)C(=O)NC(C=O)CC1CCNC1=O,CC1(C)C2CN(C(=O)OCc3ccccc3)C(C(=O)NC(C=O)CC3CCNC3=O)C21,UP,P0DTD1
CCCC[C@H](NC(=O)[C@@H]1CCCN1C(=O)[C@H](C)NC(=O)CN=[N+]=[N-])C(=O)N[C@@H](CC(C)C)C(=O)C1(C)CO1,CC[C@H](C)[C@H](NC(=O)[C@H](C)NC(=O)[C@H](CC(C)C)NC(C)=O)C(=O)C1(C)CO1,DOWN,P25043
CC(C)C[C@H](NC(=O)OCc1cccc(F)c1)C(=O)N[C@@H](C[C@@H]1CCNC1=O)C(O)S(=O)(=O)O,CC(C)C[C@H](NC(=O)OCc1ccccc1)C(=O)N[C@@H](C[C@@H]1CCNC1=O)C(O)S(=O)(=O)O,UP,P0DTD1
ClCC(=O)N1CCC(CC1)NC(=O)c2ccccc2,ClCC(=O)N1CCN(CC1)S(=O)(=O)c2ccccc2C#N,UP,P0DTD1
CC1(C)[C@@H](N2[C@@H]([C@H](CO)C2=O)S1(=O)=O)C(O)=O,C[C@]1(COC(=O)CCCCC(O)=O)[C@@H](N2[C@@H](CC2=O)S1(=O)=O)C(O)=O,UP,P0AD64
COc1ccc(c(Cl)c1)S(=O)(=O)[C@@H]2C[C@@H](C(=O)NC3(C#N)CC3)N(C2)C(=O)C4(CNC4)c5ccc(Cl)cn5,Clc1ccc(s1)C2(CC2)C(=O)N3C[C@@H](C[C@H]3C(=O)NC4(C#N)CC4)S(=O)(=O)c5ccccc5Cl,UP,P07711
CC(=O)N[C@@H](CC(=O)O)C(=O)N[C@@H](CCC(=O)O)C(=O)N[C@H](C(=O)N[C@@H](CCC(=O)O)C(=O)CCl)C(C)C,CSCC[C@H](NC(=O)[C@H](CC(=O)O)NC(C)=O)C(=O)N[C@@H](CCC(N)=O)C(=O)N[C@H](C=O)CC(=O)O,DOWN,P42574
CC(C)C[C@H](NC(=O)OCc1cccc(F)c1)C(=O)N[C@@H](C[C@@H]1CCNC1=O)C(O)S(=O)(=O)O,O=C[C@@H](C[C@@H]1CCNC1=O)NC(=O)[C@H](CC1CC1)NC(=O)OCc1ccccc1,UP,P0DTD1
CC(=O)/C=N/c1c([nH]c(=O)[nH]c1=O)NC[C@H](O)C[C@H](O)CO,CC(=O)/C=N/c1c([nH]c(=O)[nH]c1=O)NC[C@H](O)[C@H](O)CCO,UP,Q95460
C=CC(=O)Nc1ccc(N2CCN(Cc3ccc(-c4nc5cc[nH]c(=O)c5cc4-c4ccccc4)cc3)CC2)cc1,C=CC(=O)Nc1ccc2[nH]c(=O)n(C3CCN(Cc4ccc(-c5ncc(C(=O)NC)cc5-c5ccccc5)cc4)CC3)c2c1,UP,P31749
CC(C)C[C@H](NC(=O)OC[C@@H]1C[C@H]2C=CC[C@H](C2)C1)C(=O)N[C@@H](C[C@@H]1CCNC1=O)C(=O)S(=O)(=O)O,COc1cccc2[nH]c(C(=O)NC(CC(C)C)C(=O)NC(CC3CCNC3=O)C(=O)c3nc4ccccc4s3)cc12,UP,P0DTD1
COc1cc(OC)c(Cl)c(c1Cl)COc2cnc(nc2)Nc3c(NC(=O)C=C)cccc3C,Cc1cccc(NC(=O)C=C)c1Nc2cc(ncn2)-c3cccnc3Nc4c(Cl)c(OC)cc(c4Cl)OC,UP,P22455
CC(=O)[N][C@@H](CC(C)C)C(=O)N[C@H](C)C(=O)N[C@@H](Cc1ccccc1)C(=O)C1(C)CO1,CC(C)C[C@@H](C=O)NC(=O)[C@H](CC(C)C)NC(=O)[C@H](CC(C)C)NC(=O)OCc1ccccc1,UP,P25043
O=C(Cc1ccccc1)NCB(O)O,O=S(=O)(Cc1ccccc1)NCB(O)O,DOWN,P39045
Cc1ccccc1CN1CCCN(CC1)C(=O)CCl,Fc1ccccc1S(=O)(=O)N2CCN(CC2)C(=O)CCl,DOWN,P0DTD1
CC(C)C[C@H](NC(=O)[C@H](CCc1ccccc1)NC(=O)CN1CCOCC1)C(=O)N[C@@H](Cc1ccccc1)C(=O)N[C@@H](CC(C)C)C(=O)[C@@]1(C)CO1,COc1ccc(C[C@H](NC(=O)[C@H](C)NC(=O)CN2CCOCC2)C(=O)N[C@@H](CC2CCC(C)CC2)C(=O)[C@@]2(C)CO2)cc1,UP,P25043
CCOC(=O)[C@H]1O[C@H]1C(=O)N(CCC(=O)N)NC(=O)[C@H](Cc2ccccc2)NC(=O)[C@H](CC(C)C)NC(=O)OCc3ccccc3,O=C1NCC[C@H]1C[C@@H](/C=C/C(=O)OCC)NC(=O)[C@H](Cc2ccccc2)NC(=O)[C@H](CCC(=O)OC(C)(C)C)NC(=O)OCc3ccccc3,DOWN,P0C6X7
ClCC(=O)N1CCN(CC1)S(=O)(=O)c2ccccc2C#N,Fc1ccccc1S(=O)(=O)N2CCN(CC2)C(=O)CCl,DOWN,P0DTD1
CC(C)CC(NC(=O)OCc1ccc(F)cc1)C(=O)NC(CC1CCNC1=O)C(O)S(=O)(=O)O,CC1(C)C2CN(C(=O)OCc3ccccc3)C(C(=O)NC(C=O)CC3CCNC3=O)C21,UP,P0DTD1
ClCC(=O)N1CCN(CC1)C(=O)c2cccs2,c1cccc(c12)[C@@H](CN(C2)C(=O)CCl)c3ccccc3,UP,P0DTD1
CC(C)C[C@H](NC(=O)OCc1ccccc1)C(=O)N[C@@H](C[C@@H]1CCNC1=O)[C@H](O)S(=O)(=O)O,CCC[C@H]1CC[C@H](COC(=O)N[C@@H](CC(C)C)C(=O)N[C@@H](C[C@@H]2CCNC2=O)C(O)S(=O)(=O)O)CC1,DOWN,P0DTD1
CCOC(=O)/C=C/[C@@H](NC(=O)OC(C)(C)C)C[C@@H]1CCNC1=O,O=C1NCC[C@H]1C[C@@H](/C=C/C(=O)OCC)NC(=O)[C@H](Cc2ccccc2)NC(=O)[C@H]([C@@H](C)OC(C)(C)C)NC(=O)OCC3c(cccc4)c4c(c35)cccc5,UP,Q5UEA2
CC(C)CC(NC(=O)OCc1ccccc1)C(=O)NC(CC1CCNC1=O)C(O)S(=O)(=O)O,CC(C)C[C@H](NC(=O)OCC1CCC(F)(F)CC1)C(=O)N[C@@H](C[C@@H]1CCNC1=O)[C@H](O)S(O)(=O)=O,DOWN,P0DTD1
CC(C)C[C@H](NC(=O)OC[C@@H]1C[C@H]2CCC[C@H](C2)C1)C(=O)N[C@H](C=O)C[C@@H]1CCNC1=O,c1ccccc1COC(=O)N[C@@H]([C@@H](C)OC(C)(C)C)C(=O)N[C@@H](CC2CCCCC2)C(=O)N[C@H](C=O)C[C@@H]3CCNC3=O,DOWN,P0DTD1
CC(C)CC(NC(=O)OCC(C)(C)C)C(=O)NC(C=O)CC1CCNC1=O,CC(C)C[C@H](NC(=O)[C@H](C)NC(=O)OCc1ccccc1)C(=O)N[C@H](C=O)CCC(=O)N(C)C,DOWN,Q83883
CCN(CC)/C(C)=N/[P@](=O)(F)OC,CCN(CC)C(\C)=N\[P@@](C)(F)=O,DOWN,P22303
CC(=O)N[C@H](CC(C)C)C(=O)N[C@@H](C)C(=O)N[C@H](Cc1ccc(O)cc1)C(=O)C1(C)CO1,CC[C@H](C)[C@H](NC(=O)[C@H](C)NC(=O)[C@H](CC(C)C)NC(C)=O)C(=O)C1(C)CO1,DOWN,P25043
CC(NC(=O)C(Cc1ccccc1)NC(=O)OCc1ccccc1)C(=O)CCl,O=C(CCl)CNC(=O)[C@H](Cc1ccccc1)NC(=O)CNC(=O)OCc1ccccc1,DOWN,P00784
Oc1cccc(F)c1-c(c(Cl)c2)cc(c23)c(-c4ccccc4)nnc3N5CCN(CC5)C(=O)C=C,c1n[nH]c(c12)ccc(C)c2-c(c3F)c(Cl)cc(c34)c(ncn4)N5CCN(CC5)C(=O)C=C,UP,P01116
Cc1ccc(cc1)C2(CC2)C(=O)N3C[C@@H](C[C@H]3C(=O)NC4(C#N)CC4)S(=O)(=O)c5ccccc5Cl,Clc1ccc(s1)C2(CC2)C(=O)N3C[C@@H](C[C@H]3C(=O)NC4(C#N)CC4)S(=O)(=O)c5ccccc5Cl,UP,P07711
C=CC(=O)N1CCN(C(=O)COc2ccc(Cl)cc2Cl)CC1,Cc1cc(on1)C(=O)Nc2cc(Br)ccc2OCC(=O)NC3CN(C3)C(=O)C=C,DOWN,P01116
CC(C)C[C@@H](C=O)NC(=O)[C@H](CC(C)C)NC(=O)[C@H](CC(C)C)NC(=O)OCc1ccccc1,CSCC[C@@H](C=O)NC(=O)[C@H](CC(C)C)NC(=O)[C@H](CC(C)C)NC(=O)C,DOWN,P0DTD1
C=CC(=O)N(c1ccc(C(C)(C)C)cc1)C(C(=O)NCCOC)c1cccnc1,CCc1cccc(C)c1NC(=O)[C@H](N(C(=O)C=C)c2cc([nH]n2)C(C)(C)C)c3cccnc3,UP,P0DTD1
COc1cc(OC)c(Cl)c(c1Cl)COc2cnc(nc2)Nc3c(NC(=O)C=C)cc(F)cc3Cl,Cc1cccc(NC(=O)C=C)c1Nc2cc(ncn2)-c3cccnc3Nc4c(Cl)c(OC)cc(c4Cl)OC,UP,P22455
CC(=O)N[C@@H](CC(=O)[O-])C(=O)N[C@@H](CCC(=O)[O-])C(=O)N[C@H](C(=O)N[C@@H](CC(=O)[O-])C(=O)CCCc1ccccc1)C(C)C,CC(=O)N[C@@H](Cc1cccnc1)C(=O)N[C@@H](CC(=O)[O-])C(=O)N[C@H](CC(=O)N[C@@H](Cc1ccccc1)C(=O)N[C@@H](CC(=O)O)C(=O)COC(=O)c1ccc(C)s1)CC(C)C,DOWN,P42574
CC\C=C/C[C@H]1O[C@@H]1C\C=C/C\C=C/C\C=C/CCCC(O)=O,CC\C=C/C[C@H]1O[C@@H]1C\C=C/C\C=C/C\C=C/C\C=C/CCC(O)=O,DOWN,A0A0H2ZD27
CC(=O)N[C@@H]1[C@@H](NC(N)=N)[C@H](F)[C@@](F)(O[C@H]1[C@H](O)[C@H](O)CO)C(O)=O,CC(=O)N[C@H]1[C@H](O)[C@@H](F)[C@@](F)(O[C@H]1[C@H](O)[C@@H](O)CO)C(O)=O,DOWN,P03472
CC(C)C[C@H](NC(=O)OC[C@H]1C[C@H]2CCC[C@H](C2)C1)C(=O)N[C@@H](C[C@@H]1CCNC1=O)C(O)S(=O)(=O)O,COc1cccc(c12)[nH]c(c2)C(=O)N[C@@H](CC(C)C)C(=O)N[C@@H](C[C@@H]3CCNC3=O)C(=O)COC(=O)c4ccccc4C#N,DOWN,P0DTD1
CC(C)C[C@H](NC(=O)OCc1ccccc1)C(=O)N[C@@H](C[C@@H]1CCNC1=O)[C@@H](O)S(O)(=O)=O,CC(C)[C@H](NC(=O)OCc1ccccc1)C(=O)N[C@@H](C)C(=O)N[C@@H](CC(=O)O)C(=O)COC(=O)c1c(Cl)cccc1Cl,UP,P0DTD1
O=P([O-])([O-])OB(O)Cn1cc(nn1)-c2ccsc2,OB(Cn1cc(CNS(=O)(=O)CC(F)(F)F)nn1)OP(O)(O)=O,UP,Q6DRA1
OB(O)[C@@H](C)NC(=O)c1c(F)cccc1-c2ccccc2,OB(O)[C@@H](C)NC(=O)c1c(F)cccc1F,DOWN,Q7CRA4
O=C1NCC[C@H]1C[C@@H](/C=C/C(=O)OCC)NC(=O)[C@H](Cc2ccccc2)NC(=O)[C@H](CCC(=O)OC(C)(C)C)NC(=O)OCc3ccccc3,O=C1NCC[C@H]1C[C@@H](/C=C/C(=O)OCC)NC(=O)[C@H](Cc2ccccc2)NC(=O)[C@H]([C@@H](C)OC(C)(C)C)NC(=O)OCC3c(cccc4)c4c(c35)cccc5,UP,Q5UEA2
CC(=O)N[C@@H](CC(=O)[O-])C(=O)N[C@@H](CCC(=O)[O-])C(=O)N[C@H](C(=O)N[C@@H](CC(=O)[O-])C(=O)CCCc1ccccc1)C(C)C,CC(C)[C@@H](NC(=O)[C@@H](CCC(=O)O)NC(=O)[C@@H](CC(=O)O)NC(=O)OCc1ccccc1)C(=O)N[C@H](CC(=O)O)C(=O)CCl,DOWN,P42574
Cc1ccccc1S(=O)(=O)[C@@H]2C[C@@H](C(=O)NC3(C#N)CC3)N(C2)C(=O)C4(CC4)c5ccc(F)cc5,Clc1ccc(s1)C2(CC2)C(=O)N3C[C@@H](C[C@H]3C(=O)NC4(C#N)CC4)S(=O)(=O)c5ccccc5Cl,UP,P07711
CC(=O)N[C@@H](C)C(=O)N[C@@H](CCCC[NH3+])C(=O)N[C@@H](CCCNC(=N)N)B(O)O,CC(=O)N[C@@H](CCCNC(=N)N)C(=O)N[C@@H](CCC(=O)O)C(=O)N[C@@H](CCCNC(=N)N)C(=O)N[C@@H](CCCCN)C(=O)CCl,DOWN,P13134
CC(C)CC(NC(=O)OCc1ccccc1)C(=O)NC(CC1CCNC1=O)C(O)S(=O)(=O)O,c1cccnc1CNC(=O)C(=O)[C@H](CCC)NC(=O)[C@H](CC(C)C)NC(=O)Oc2ccccc2,DOWN,P0DTD1
CCN(CC)/C(C)=N/P(C)(=O)F,CCO[PH](=O)/N=C(\C)N(CC)CC,UP,P22303
OC(=O)\C=C\c1ccc(O)c(Br)c1,OC(=O)\C=C\c1ccc(O)c(O)c1,UP,P16113
CC(C)C[C@@H](C=O)NC(=O)[C@H](CC(C)C)NC(=O)[C@H](CC(C)C)NC(=O)OCc1ccccc1,CC(C)C[C@H](NC(=O)[C@H](Cc1ccccc1)NC(=O)c1cnccn1)B(O)O,UP,P30656
CC(C)C[C@H](NC(=O)OC[C@H]1C[C@H]2C=CC[C@H](C2)C1)C(=O)N[C@@H](C[C@@H]1CCNC1=O)C(=O)S(=O)(=O)O,c1ccccc1OC(=O)N[C@@H](CC(C)C)C(=O)N[C@@H](CC(C)C)C(=O)N[C@@H](C[C@@H]2CCNC2=O)C(=O)C(=O)NC3CC3,DOWN,P0DTD1
CC(=O)N[C@@H](CC(=O)O)C(=O)N[C@@H](CCC(=O)O)C(=O)N[C@H](C(=O)N[C@@H](CC(=O)O)C(=O)CCl)C(C)C,CC(C)[C@@H](NC(=O)[C@@H](CCC(=O)O)NC(=O)[C@@H](CC(=O)O)NC(=O)OCc1ccccc1)C(=O)N[C@H](CC(=O)O)C(=O)CCl,DOWN,P42574
CC(=O)SCC(=O)N[C@H](CC(O)=O)C(=O)COC(=O)c1c(Cl)cccc1Cl,CC(C)[C@@H](NC(=O)[C@@H](CCC(=O)O)NC(=O)[C@@H](CC(=O)O)NC(=O)OCc1ccccc1)C(=O)N[C@H](CC(=O)O)C(=O)CCl,DOWN,P42574
CN(C)C(=O)CCNc1nc(N2CCN(CC2)C(=O)C=C)c2cc(Cl)c(cc2n1)-c1cc(O)cc2ccccc12,Fc1cccc(O)c1-c(c2)c(Cl)cc(c23)c(N4CCN(CC4)C(=O)C=C)nc(=O)n3-c5ccccc5C(C)C,UP,P01116
C=CC(=O)N1CCN(CC1)c1ncnc2CN(CCc12)c1cccc2ccccc12,Oc1cccc(F)c1-c(c(Cl)c2)cc(c23)c(-c4ccccc4)nnc3N5CCN(CC5)C(=O)C=C,DOWN,P01116
CCN(CC)/C(C)=N/P(C)(=O)OC,CCN(CC)C(\C)=N\[P@@](C)(F)=O,DOWN,P22303
O=C1NCC[C@H]1C[C@@H](/C=C/C(=O)OCC)NC(=O)[C@H](CC=C(C)C)CC(=O)[C@H](C(C)C)NC(=O)c2cc(on2)C,O=C1NCC[C@H]1C[C@@H](/C=C/C(=O)OCC)NC(=O)[C@H](Cc2ccccc2)NC(=O)[C@H](CCC(=O)OC(C)(C)C)NC(=O)OCc3ccccc3,UP,P0C6X7
Fc1cccc(O)c1-c(n2)c(F)cc(c23)c(N4CCN(C[C@@H]4C)C(=O)C=C)nc(=O)n3-c5c(C)ccnc5C(C)C,Oc1cccc(F)c1-c(nc2)cc(c23)C(=O)N=C(C3)[C@@H]4CCN(C4)C(=O)C=C,DOWN,P01116
C1COCCN1c(c(c23)ccs2)nc(n3)NC(=O)C=C,c1cccc(c12)nc(NC(=O)C=C)nc2OCC,DOWN,Q89ZI2
CC(C)C[C@H](NC(=O)OCc1ccccc1)C(=O)N[C@H](C=O)C[C@@H]1CCNC1=O,O=C1NCC[C@H]1C[C@@H](/C=C/C(=O)OCC)NC(=O)[C@H](CC(C)C)NC(=O)[C@H](C(C)C)NC(=O)[C@H](C)NC(=O)c2cc(on2)C,DOWN,P0C6X7
CC(C)C[C@@H](C=O)NC(=O)[C@H](CC(C)C)NC(=O)[C@H](CC(C)C)NC(=O)OCc1ccccc1,COC[C@H](NC(=O)[C@H](CC(C)C)NC(=O)c1cnc(C)s1)C(=O)N[C@H](C=CS(C)(=O)=O)Cc1ccc(CN)cc1,UP,P25043
CCN1C(=O)C=C(c2cccc(CN)c2)C1=O,CCN1C(=O)C=CC1=O,DOWN,Q07889
CC(C)C[C@@H](C=O)NC(=O)[C@H](CC(C)C)NC(=O)[C@H](CC(C)C)NC(=O)OCc1ccccc1,CC1(C)C2CN(C(=O)OCc3ccccc3)C(C(=O)NC(C=O)CC3CCNC3=O)C21,UP,P0DTD1
C.CC(C)C.NC(CC1CCCCC1)C(=O)NC(C=O)CC1CCNC1=O.O=COCc1ccccc1,CC(C)CC(NC(=O)OCc1ccccc1)C(=O)NC(CC1CCNC1=O)C(O)S(=O)(=O)O,UP,P0DTD1
Fc1ccc(cc1)[C@H]2CN(CCO2)C(=O)CCl,Fc1ccccc1S(=O)(=O)N2CCN(CC2)C(=O)CCl,DOWN,P0DTD1
C.CC(C)C.NC(CC1CCCCC1)C(=O)NC(C=O)CC1CCNC1=O.O=COCc1ccccc1,CCOC(=O)C=C[C@H](C[C@@H]1CCNC1=O)NC(=O)[C@@H](CC(=O)[C@@H](NC(=O)c1cc(C)on1)C(C)C)Cc1ccc(F)cc1,UP,P0DTD1
C1S[C@H]1[C@H](C([O-])=O)Cc2ccccc2,OC(=O)[C@H](CI)Cc1ccccc1,DOWN,P00730
C#CCCCC(=O)N[C@@H](Cc1ccccc1)C(=O)N[C@@H](CC(C)C)B(O)O,CC(C)C[C@H](NC(=O)[C@H](Cc1ccccc1)NC(=O)[C@H](CCC1CCCCC1)NC(=O)[C@H](Cc1ccccc1)N=[N+]=[N-])C(=O)[C@@]1(C)CO1,UP,P25043
CC(C)C[C@H](NC(=O)OC[C@H]1C[C@H]2CC[C@@H]1C2)C(=O)N[C@@H](C[C@@H]1CCNC1=O)C(O)S(=O)(=O)O,c1ccccc1COC(=O)N[C@@H]([C@@H](C)OC(C)(C)C)C(=O)N[C@@H](CC2CCCCC2)C(=O)N[C@H](C=O)C[C@@H]3CCNC3=O,DOWN,P0DTD1
c12cn(nn2)CCCNC(=O)CC[C@@H](C=O)NC(=O)[C@H](CC3CCCCC3)NC(=O)[C@H](C1)NC(=O)OCc4ccccc4,c12cn(nn2)CCNC(=O)CC[C@@H](C=O)NC(=O)[C@H](CC3CCCCC3)NC(=O)[C@H](C1)NC(=O)OCc4ccccc4,UP,Q83883
CC(C)C[C@H](NC(=O)OC[C@@H]1C[C@H]2C=CC[C@H](C2)C1)C(=O)N[C@@H](C[C@@H]1CCNC1=O)C(=O)S(=O)(=O)O,COc1cccc(c12)[nH]c(c2)C(=O)N[C@@H](CC(C)C)C(=O)N[C@@H](C[C@@H]3CCNC3=O)C(=O)COC(=O)c4ccccc4C#N,DOWN,P0DTD1
CC(C)C[C@H](NC(=O)OCC1=CC=CC=C1)C(=O)N[C@@H](C[C@@H]1CCNC1=O)[C@H](O)S(O)(=O)=O,O=CC(CC1CCNC1=O)NC(=O)C1C2CCCC2CN1C(=O)OCc1ccccc1,UP,P0DTD1
C=CC(=O)Nc1ccc(OC)c(Nc2cc(-c3[nH]c(SCCOC)nc3-c3ccc(F)cc3)ccn2)c1,C=CC(=O)Nc1cccc(Nc2nc(Nc3ccc(OCCOC)cc3)ncc2F)c1,DOWN,P00533
CC(=O)N[C@@H](CC(=O)O)C(=O)N[C@@H](CC(N)=O)C(=O)N[C@@H](CC(C)C)C(=O)N[C@H](C=O)CC(=O)O,CSCC[C@H](NC(=O)[C@H](CCC(N)=O)NC(=O)[C@H](CC(=O)O)NC(C)=O)C(=O)N[C@H](C=O)CC(=O)O,DOWN,P55210
CC(C)CC(NC(=O)OCc1ccc(F)cc1)C(=O)NC(CC1CCNC1=O)C(O)S(=O)(=O)O,O=CC(CC1CCNC1=O)NC(=O)C1C2CCCC2CN1C(=O)OCc1ccccc1,UP,P0DTD1
CCCCC(NC(=O)C1C2C(CN1C(=O)C(NC(=O)NC1(CS(=O)(=O)C(C)(C)C)CCCCC1)C(C)(C)C)C2(C)C)C(=O)C(=O)NC1CC1,CCC[C@H](NC(=O)[C@@H]1[C@H]2CCC[C@H]2CN1C(=O)[C@@H](NC(=O)[C@@H](NC(=O)c1cnccn1)C1CCCCC1)C(C)(C)C)C(=O)C(=O)NC1CC1,UP,P0DTD1
CC(C)C[C@H](NC(=O)OCc1c(F)c(F)c(F)c(F)c1F)C(=O)N[C@@H](C[C@@H]1CCNC1=O)C(O)S(=O)(=O)O,O=C[C@@H](C[C@@H]1CCNC1=O)NC(=O)[C@H](CC1CC1)NC(=O)OCc1ccccc1,UP,P0DTD1
CC(C)[C@H](NC(=O)c1ccc(C(=O)O)cc1)C(=O)N1CCC[C@H]1C(=O)N[C@H](C(=O)C(F)(F)F)C(C)C,CC(C)[C@H](NC(=O)c1ccc(cc1)C(=O)NCC(O)=O)C(=O)N1CCC[C@H]1C(=O)N[C@@H](C(C)C)C(=O)C(F)(F)F,DOWN,P00772
C.CC(C)C.CC(C)CC(N)C(=O)NC(C=O)CC1CCNC1=O.O=COCc1ccccc1,CC(C)C[C@H](NC(=O)OCc1cccc(F)c1)C(=O)N[C@@H](C[C@@H]1CCNC1=O)C(O)S(=O)(=O)O,DOWN,P0DTD1
CC(C)CCCCC(=O)N[C@@H](CO)C(=O)N[C@@H](CC(C)C)C(=O)[C@]1(CO1)CO,CC[C@H](C)[C@H](N(C)C(=O)C)C(=O)N[C@@H]([C@@H](C)CC)C(=O)N[C@@H]([C@@H](C)O)C(=O)N[C@@H](CC(C)C)C(=O)[C@@]1(C)CO1,DOWN,P25789
CC(=O)N[C@@H](CC(=O)O)C(=O)N[C@@H](Cc1ccccc1)C(=O)N[C@@H](CC(C)C)C(=O)N[C@@H](C)C(=O)N[C@@H](CCC(=O)O)C(=O)NCC(=O)NCC(=O)NCC(=O)N[C@H](C(=O)N[C@@H](CCCNC(=N)N)C(=O)CCl)C(C)C,N=C(N)NCCC[C@H](NC(=O)[C@@H]1CCCN1C(=O)[C@H](N)Cc1ccccc1)C(=O)CCl,UP,P00734
O=C(Nc1ccccc1)c1cc([N+](=O)[O-])ccc1Cl,c1ccccc1NC(=O)c2cc([N+](=O)[O-])ccc2Cl,UP,P37231
CC(C)C[C@H](NC(=O)OCc1c(F)c(F)c(F)c(F)c1F)C(=O)N[C@@H](C[C@@H]1CCNC1=O)C(O)S(=O)(=O)O,CC(C)C[C@H](NC(=O)OCc1ccccc1)C(=O)N[C@@H](C[C@@H]1CCNC1=O)C(O)S(=O)(=O)O,UP,P0DTD1
Cc1ccc(cc1)S(=O)(=O)NCc1cn(CB(O)OP(O)(O)=O)nn1,OB(Cn1cc(CNS(=O)(=O)CC(F)(F)F)nn1)OP(O)(O)=O,UP,Q6DRA1
CCC[C@H]1CC[C@H](COC(=O)N[C@@H](CC(C)C)C(=O)N[C@@H](C[C@@H]2CCNC2=O)C(O)S(=O)(=O)O)CC1,COc1cccc2[nH]c(C(=O)NC(CC(C)C)C(=O)NC(CC3CCNC3=O)C(=O)c3nc4ccccc4s3)cc12,UP,P0DTD1
CC(=O)N[C@@H](CC(=O)O)C(=O)N[C@@H](Cc1ccccc1)C(=O)N[C@@H](CC(C)C)C(=O)N[C@@H](C)C(=O)N[C@@H](CCC(=O)O)C(=O)NCC(=O)NCC(=O)NCC(=O)N[C@H](C(=O)N[C@@H](CCCNC(=N)N)C(=O)CCl)C(C)C,N=C(N)NCCC[C@H](NC(=O)[C@@H]1CCCN1C(=O)[C@@H](N)Cc1ccccc1)C(=O)CCl,UP,P00734
CC(C)CC(NC(=O)OC(C)C1CCC(F)(F)CC1)C(=O)NC(C=O)CC1CCNC1=O,CC(C)C[C@H](NC(=O)OCc1ccccc1)C(=O)N[C@@H](C[C@@H]1CCNC1=O)C(O)S(=O)(=O)O,UP,P0DTD1
CSC1=C(N2[C@@H]([C@@H]([C@@H](C)O)C2=O)[C@H]1C)C(O)=O,C[C@@H](O)[C@@H]1[C@H]2[C@@H](C)C(S[C@H]3Cn4cnc[n+]4C3)=C(N2C1=O)C(O)=O,DOWN,I6Y9J2
CC(C)C[C@H](NC(=O)OCc1ccccc1F)C(=O)N[C@@H](C[C@@H]1CCNC1=O)C(O)S(=O)(=O)O,COc1cccc2[nH]c(C(=O)NC(CC(C)C)C(=O)NC(CC3CCNC3=O)C(=O)c3nc4ccccc4s3)cc12,UP,P0DTD1
CC(C)C[C@H](NC(=O)OCc1ccccc1)C(=O)N[C@@H](C[C@@H]1CCNC1=O)[C@@H](O)S(O)(=O)=O,CC(C)C[C@H](NC(=O)[C@H](C)NC(=O)OCc1ccccc1)C(=O)N[C@H](C=O)CCC(=O)N(C)C,DOWN,Q83883
CC(C)C[C@H](NC(=O)OC[C@H]1C[C@H]2CCC[C@H](C2)C1)C(=O)N[C@@H](C[C@@H]1CCNC1=O)C(O)S(=O)(=O)O,COc1cccc2[nH]c(C(=O)NC(CC(C)C)C(=O)NC(CC3CCNC3=O)C(=O)c3nc4ccccc4s3)cc12,UP,P0DTD1
C[C@@H](NC(=O)c1ccccc1)C(O)=O,OB(O)[C@@H](C)NC(=O)c1c(F)cccc1-c2ccccc2,UP,Q7CRA4
CC1(C)C2CN(C(=O)OCc3ccccc3)C(C(=O)NC(C=O)CC3CCNC3=O)C21,c1ccccc1OC(=O)N[C@@H](CC(C)C)C(=O)N[C@@H](CC(C)C)C(=O)N[C@@H](C[C@@H]2CCNC2=O)C(=O)C(=O)NC3CC3,DOWN,P0DTD1
CC(C)C[C@H](NC(=O)OCC1=CC=CC=C1)C(=O)N[C@@H](C[C@@H]1CCNC1=O)[C@H](O)S(O)(=O)=O,COc1cccc2[nH]c(C(=O)NC(CC(C)C)C(=O)NC(CC3CCNC3=O)C(=O)c3nc4ccccc4s3)cc12,UP,P0DTD1
COCCOc1ccc(cc1)Nc2ncc(F)c(n2)Nc3cccc(c3)NC(=O)C=C,Nc1nccc(Oc2cccc(NC(=O)C=C)c2)c1-c1ccc(Oc2ccccc2)cc1,UP,Q06187
CC(=O)N[C@H](C(=O)C(F)(F)F)Cc1ccccc1,CC(=O)N[C@H](Cc1ccc(Cl)cc1)B(O)O,DOWN,P00766
ClCC(=O)N1CCN(CC1)C(=O)c2cccs2,Fc1cccc(c1)S(=O)(=O)N2CCN(CC2)C(=O)CCl,DOWN,P0DTD1
ClCC(=O)N1CCN(Cc2ccc(Br)s2)CC1,Fc1ccccc1S(=O)(=O)N2CCN(CC2)C(=O)CCl,DOWN,P0DTD1
Cc1ccccc1CN1CCCN(CC1)C(=O)CCl,ClCC(=O)N1CCN(CC1)S(=O)(=O)c2ccc(Cl)cc2,DOWN,P0DTD1
CC(C)C(NC(=O)OCc1ccccc1)C(=O)NC(CC1CCCCC1)C(=O)NC(C=O)CC1CCNC1=O,CC(C)C[C@H](NC(=O)OCc1ccccc1)C(=O)N[C@@H](C[C@@H]1CCNC1=O)C(O)S(=O)(=O)O,UP,P0DTD1
CC(C)CC(NC(=O)OCC(C)(C)C)C(=O)NC(C=O)CC1CCNC1=O,c1ccccc1C[C@@H](C(=O)N[C@H](C=O)CNC(=O)C)NC(=O)[C@H](CC(C)C)NC(=O)OCc2ccccc2,DOWN,Q83883
C=CC(=O)Nc1cccc(Nc2nc(Nc3ccc(OCCOC)cc3)ncc2F)c1,COCCSc1nc(-c2ccc(F)cc2)c([nH]1)-c3ccnc(c3)Nc4cc(NC(=O)C=C)ccc4OC,UP,P00533
c1ccccc1OC(=O)N[C@@H](CC(C)C)C(=O)N[C@@H](CC(C)C)C(=O)N[C@@H](C[C@@H]2CCNC2=O)C(=O)C(=O)NC3CC3,c1cccnc1CNC(=O)C(=O)[C@H](CCC)NC(=O)[C@H](CC(C)C)NC(=O)Oc2ccccc2,DOWN,P0DTD1
CC(C)(C)OC(=O)N[C@@H](CCc(oc12)nn2)C(=O)N[C@@H](CC3CCCCC3)C(=O)N[C@H](C=O)CCC(=O)NCCCCC1,CC(C)C[C@@H]1NC(=O)O[C@H](c2cccc(Cl)c2)CCCCCNC(=O)CC[C@@H](C=O)NC1=O,UP,Q83883
CC(C)CC(NC(=O)OCc1ccc(F)cc1)C(=O)NC(CC1CCNC1=O)C(O)S(=O)(=O)O,CC(C)C[C@H](NC(=O)OC[C@H]1C[C@H]2C=CC[C@H](C2)C1)C(=O)N[C@@H](C[C@@H]1CCNC1=O)C(=O)S(=O)(=O)O,UP,P0DTD1
CC(C)CC(NC(=O)OCc1ccc(F)cc1)C(=O)NC(CC1CCNC1=O)C(O)S(=O)(=O)O,CC(C)C[C@H](NC(=O)OCc1ccccc1)C(=O)N[C@@H](C[C@@H]1CCNC1=O)[C@H](O)S(=O)(=O)O,UP,P0DTD1
CC(C)(C)OC(=O)N[C@@H](CCc(oc12)nn2)C(=O)N[C@@H](CC3CCCCC3)C(=O)N[C@H](C=O)CCC(=O)NCCCC1,c12cn(nn2)CCNC(=O)CC[C@@H](C=O)NC(=O)[C@H](CC3CCCCC3)NC(=O)[C@H](C1)NC(=O)OCc4ccccc4,UP,Q83883
CC(=O)N[C@@H](CC(=O)O)C(=O)N[C@@H](CCC(=O)O)C(=O)N[C@H](C(=O)N[C@@H](CCC(=O)O)C(=O)CCl)C(C)C,CC(=O)N[C@@H](CC(C)C)C(=O)N[C@@H](CC(=O)O)C(=O)N[C@@H](CCC(=O)O)C(=O)N[C@@H](CO)C(=O)N[C@H](C=O)CC(=O)O,DOWN,P55210
CC(=O)OCC1=C(N2[C@H](SC1)[C@H](NC(=O)Cc1cccs1)C2=O)C(O)=O,C[C@@H](NC(=O)[C@@H](C)NC(=O)[C@H](CCC1=C(N2[C@H](SC1)[C@H](NC(=O)Cc1ccccc1)C2=O)C(O)=O)NC(=O)CC[C@@H](NC(C)=O)C(O)=O)C(O)=O,UP,P15555
CC(C)C[C@H](NC(=O)[C@H](CCc1ccccc1)NC(=O)CN1CCOCC1)C(=O)N[C@@H](Cc1ccccc1)C(=O)N[C@@H](CC(C)C)C(=O)[C@@]1(C)CO1,CC(C)C[C@H](NC(=O)[C@H](Cc1ccccc1)NC(=O)[C@H](CCC1CCCCC1)NC(=O)[C@H](Cc1ccccc1)N=[N+]=[N-])C(=O)[C@@]1(C)CO1,UP,P25043
CC(C)C(NC(=O)OCc1ccccc1)C(=O)NC(CC1CCCCC1)C(=O)NC(C=O)CC1CCNC1=O,CC(C)C[C@H](NC(=O)OC[C@H]1C[C@H]2CCC[C@H](C2)C1)C(=O)N[C@@H](C[C@@H]1CCNC1=O)C(O)S(=O)(=O)O,DOWN,P0DTD1
CC(C)C[C@H](NC(=O)OC1CCC(C)(C)CC1)C(=O)N[C@@H](C[C@@H]1CCNC1=O)C(O)S(=O)(=O)O,CC(C)C[C@H](NC(=O)OCc1ccccc1)C(=O)N[C@@H](C[C@@H]1CCNC1=O)C(O)S(=O)(=O)O,UP,P0DTD1
CC(=O)N[C@@H](CC(=O)[O-])C(=O)N[C@@H](CCC(=O)[O-])C(=O)N[C@H](C(=O)N[C@@H](CC(=O)[O-])C(=O)CCCc1ccccc1)C(C)C,CC(=O)N[C@@H](Cc1cccnc1)C(=O)N[C@@H](CC(=O)O)C(=O)N[C@H](CC(=O)N[C@@H](CCC(C)C)C(=O)N[C@@H](CC(=O)O)C(=O)COC(=O)c1c(C)cccc1C)CC(C)C,DOWN,P42574
CC(C)C[C@H](NC(=O)O[C@H]1CC[C@H](c2ccccc2)CC1)C(=O)N[C@@H](C[C@@H]1CCNC1=O)C(O)S(=O)(=O)O,COc1cccc(c12)[nH]c(c2)C(=O)N[C@@H](CC(C)C)C(=O)N[C@@H](C[C@@H]3CCNC3=O)C(=O)COC(=O)c4ccccc4C#N,DOWN,P0DTD1
CC(=O)N[C@@H](CC(C)C)C(=O)N[C@@H](CC(=O)O)C(=O)N[C@@H](CCC(=O)O)C(=O)N[C@@H](CO)C(=O)N[C@H](C=O)CC(=O)O,CC(=O)N[C@@H](Cc1cccnc1)C(=O)N[C@@H](CC(=O)O)C(=O)N[C@H](CC(=O)N[C@@H](CCC(C)C)C(=O)N[C@@H](CC(=O)O)C(=O)COC(=O)c1c(C)cccc1C)CC(C)C,DOWN,P55210
CCSCOc1ccc(cc1NC(=O)CCl)S(=O)(=O)N2CCCCCC2,ClCC(=O)Nc1ccc(Cl)c(c1)S(=O)(=O)N2CCOCC2,UP,P78417
C.CC(C)C.NC(CC1CCCCC1)C(=O)NC(C=O)CC1CCNC1=O.O=COCc1ccccc1,CC(C)C(NC(=O)OCc1ccccc1)C(=O)NC(Cc1ccccc1)C(=O)NC(C=O)CC1CCNC1=O,UP,P0DTD1
Cc1ccc(-c2cnc(C(=O)CCCCCCc3ccccc3)o2)nc1,OC(=O)c1cccc(n1)-c1cnc(o1)C(=O)CCc1ccc(cc1)-c1ccccc1,UP,P97612
C.CC(C)C.NC(CC1CCCCC1)C(=O)NC(C=O)CC1CCNC1=O.O=COCc1ccccc1,CC(C)C[C@H](NC(=O)OCc1ccccc1)C(=O)N[C@@H](C[C@@H]1CCNC1=O)[C@H](O)S(=O)(=O)O,UP,P0DTD1
C=CC(=O)Nc(c1)ccc(c12)ncnc2Nc3ccccc3,CN(C)C\C=C\C(=O)Nc1ccc2ncnc(Nc3cccc(Br)c3)c2c1,UP,P00523
CCN(CC)/C(C)=N/P(C)(=O)F,CCN(CC)C(\C)=N\[P@@](C)(F)=O,DOWN,P22303
CC(=O)N[C@H](CC(C)C)C(=O)N[C@@H](CC(C)C)C(=O)N[C@@H](CC(C)C)C(=O)C1(C)CO1,COc1ccc(C[C@H](NC(=O)[C@H](C)NC(=O)CN2CCOCC2)C(=O)N[C@@H](CC2CCC(C)CC2)C(=O)[C@@]2(C)CO2)cc1,UP,P25043
OB(O)c1cc(C(C)(C)C)cc(c1)C(C)(C)C,OB(O)c1cccc(c1)N,DOWN,P00811
CN1CCN(Cc2ccc(cc2)C(=O)NCc2cccc(COc3ccccc3NC(=O)c3cc(ccc3Cl)[N+]([O-])=O)c2)CC1,O=C(Nc1ccncc1)c1cc([N+](=O)[O-])ccc1Cl,UP,P37231
CC(C)C[C@H](NC(=O)N1CCNCC1)C(=O)N[C@@H](CCc1ccccc1)\C=C\S(=O)(=O)c1ccccc1,CC(C)C[C@H](NC(=O)OCc1ccccc1)C(=O)NCC(=O)CNC(=O)[C@H](CC(C)C)NC(=O)OCc1ccccc1,DOWN,P43235
CC(=O)N1CCC[C@H]1C(=O)N[C@@H](CCC(=O)C=[N+]=[N-])C(=O)N[C@@H](CC(C)C)C(=O)N1CCC[C@H]1C(=O)N[C@@H](Cc1ccccc1)C(N)=O,CC(C)C[C@H](NC(=O)[C@@H]1CCCN1C(=O)[C@@H](NC(=O)[C@H](CCC(=O)C=[N+]=[N-])NC(=O)OCc1ccccc1)C(C)C)C(O)=O,DOWN,P21980
O[C@@H]1C[C@@](O)(C[C@]2(CO2)[C@H]1O)C(O)=O,O[C@@H]1C[C@H](C[C@]2(CO2)[C@H]1O)C(O)=O,DOWN,P24670
C=CC(=O)N1CCCC(n2nc(-c3cnc4[nH]ccc4c3)c3c(N)ncnc32)C1,C=CC(=O)N1CCCC(n2ncc3c(N)ncnc32)C1,DOWN,O14733
O=C(C)N[C@@H](C)C(=O)N1[C@@H](CCC1)C(=O)N[C@@H](CC(C)C)C(=O)N[C@@H](CC(C)C)C(=O)[C@]2(C)CO2,O=C(C)N[C@@H](CC(C)C)C(=O)N[C@@H](C)C(=O)N[C@@H](CC(C)C)C(=O)[C@@]1(C)OC1,DOWN,P23638
CCCOC(=O)CSC1=C(N2[C@@H]([C@@H]([C@@H](C)O)C2=O)[C@H]1C)C(O)=O,C[C@@H](O)[C@@H]1[C@H]2CC(SCCNC=N)=C(N2C1=O)C(O)=O,DOWN,I6Y9J2
CC(C)C[C@H](NC(=O)OCC1CCC(F)(F)CC1)C(=O)N[C@@H](C[C@@H]1CCNC1=O)[C@H](O)S(O)(=O)=O,CC(C)C[C@H](NC(=O)OCc1ccccc1)C(=O)N[C@@H](C[C@@H]1CCNC1=O)[C@@H](O)S(O)(=O)=O,UP,P0DTD1
C=CC(=O)Nc1cc(ccc1Cl)NC(=O)NC2CCN(CC2)Cc3ccc(cc3)-c(nc(c45)cc[nH]c5=O)c(c4)-c6ccccc6,C=CC(=O)Nc1ccc2[nH]c(=O)n(C3CCN(Cc4ccc(C5=N/C(=C\c6ccc(O)cc6)C(=O)N=C5c5ccccc5)cc4)CC3)c2c1,UP,P31749
O[C@H]1C[C@@H](O[C@@H]1COP(O)(O)=O)n1cc(F)c(=O)[nH]c1=O,O[C@H]1C[C@@H](O[C@@H]1COP(O)(O)=O)n1cc([N+]([O-])=O)c(=O)[nH]c1=O,DOWN,P0A884
CC(C)C[C@H](NC(=O)[C@H](CCc1ccccc1)NC(=O)CN1CCOCC1)C(=O)N[C@@H](Cc1ccccc1)C(=O)N[C@@H](CC(C)C)C(=O)[C@@]1(C)CO1,CC[C@H](C)[C@H](NC(=O)[C@H](C)NC(=O)[C@H](CC(C)C)NC(C)=O)C(=O)C1(C)CO1,DOWN,P25043
CC(=O)/C=C/c1c([nH]c(=O)[nH]c1=O)CC[C@H](O)[C@H](O)[C@H](O)CO,CC(=O)/C=N/c1c([nH]c(=O)[nH]c1=O)NCC[C@H](O)[C@H](O)CO,UP,Q95460
O=C(CCCCCCc1ccccc1)c1ncc(-c2ccc(CBr)cn2)o1,OC(=O)c1cccc(n1)-c1cnc(o1)C(=O)CCc1ccc(cc1)-c1ccccc1,UP,P97612
C=CC(=O)N1CCC[C@H](c2cnc(Oc3ccc(Oc4ccccc4)cc3)c(C(N)=O)c2)C1,CC#CC(=O)N1CC[C@H](C1)n2c(=O)n(c(c23)c(N)ncn3)-c4ccc(cc4)Oc5ccccc5,UP,Q06187
c12cn(nn1)CCNC(=O)CC[C@@H](C=O)NC(=O)[C@H](CC(C)C)NC(=O)[C@H](C2)NC(=O)OCc3ccccc3,c12cn(nn2)CCNC(=O)CC[C@@H](C=O)NC(=O)[C@H](CC3CCCCC3)NC(=O)[C@H](C1)NC(=O)OCc4ccccc4,UP,Q83883
CC(C)C[C@H](NC(=O)OC[C@H]1C[C@H]2CCC[C@H](C2)C1)C(=O)N[C@H](C=O)C[C@@H]1CCNC1=O,CSCC[C@@H](C=O)NC(=O)[C@H](CC(C)C)NC(=O)[C@H](CC(C)C)NC(=O)C,DOWN,P0DTD1
CCOC(=O)[C@H]1O[C@@H]1C(=O)N[C@@H]([C@@H](C)CC)C(=O)N[C@@H](C)C(O)=O,CCOC(=O)[C@H]1O[C@@H]1C(=O)N[C@@H]([C@@H](C)CC)C(O)=O,DOWN,P07688
CC(C)C[C@H](NC(=O)OCc1ccccc1F)C(=O)N[C@@H](C[C@@H]1CCNC1=O)C(O)S(=O)(=O)O,COc1cccc(c12)[nH]c(c2)C(=O)N[C@@H](CC(C)C)C(=O)N[C@@H](C[C@@H]3CCNC3=O)C(=O)c(s4)nc(c45)cccc5,UP,P0DTD1
CC(=O)/C=C/c1c(C)[nH]c(=O)[nH]c1=O,CC(=O)/C=N/c1c([nH]c(=O)[nH]c1=O)NCCCO,UP,Q95460
Cc1ccc(cc1)C(=O)N2CCN(CC2)C(=O)CCl,ClCC(=O)N1CCN(Cc2cccs2)CC1,UP,P0DTD1
CC(=O)N[C@H](CC(C)C)C(=O)N[C@@H](C)C(=O)N[C@H](Cc1ccc(O)cc1)C(=O)C1(C)CO1,CCCC[C@H](NC(=O)[C@@H]1CC(F)(F)CN1C(=O)[C@H](C)NC(=O)CN=[N+]=[N-])C(=O)N[C@@H](CC(C)C)C(=O)C1(C)CO1,DOWN,P25043
OS(=O)(=O)ON1[C@H]2CN([C@@H](CC2)C#N)C1=O,OS(=O)(=O)ON1[C@H]2CN([C@@H](CC2)C(=O)NC2CCNCC2)C1=O,DOWN,Q9F663
O=C1NCC[C@H]1C[C@@H](/C=C/C(=O)OCC)NC(=O)[C@H](Cc2ccccc2)NC(=O)[C@H](CC(=O)OC(C)(C)C)NC(=O)OCc3ccccc3,O=C1NCC[C@H]1C[C@@H](/C=C/C(=O)OCC)NC(=O)[C@H](Cc2ccccc2)NC(=O)[C@H]([C@@H](C)OC(C)(C)C)NC(=O)OCC3c(cccc4)c4c(c35)cccc5,UP,A1E4A3
Cc1ccc2[nH]ncc2c1-c1c(Cl)cc2c(ncnc2c1F)N1CCN(CC1)C(=O)[C@@H]1CN1,c1n[nH]c(c12)ccc(C)c2-c(c3F)c(Cl)cc(c34)c(ncn4)N5CCN(CC5)C(=O)C=C,UP,P01116
O=C1NCC[C@H]1C[C@@H](/C=C/C(=O)OCC)NC(=O)[C@H](CC(C)C)NC(=O)[C@H](C(C)C)NC(=O)[C@H](C(C)C)NC(=O)c2ccoc2,O=C1NCC[C@H]1C[C@@H](/C=C/C(=O)OCC)NC(=O)[C@H](Cc2ccccc2)NC(=O)[C@H](CCC(=O)OC(C)(C)C)NC(=O)OCc3ccccc3,UP,P0C6X7
CC(C)C[C@@H](C=O)NC(=O)[C@H](CC(C)C)NC(=O)[C@H](CC(C)C)NC(=O)OCc1ccccc1,c1cccnc1CNC(=O)C(=O)[C@H](CCC)NC(=O)[C@H](CC(C)C)NC(=O)Oc2ccccc2,DOWN,P0DTD1
C.CC(C)C.CC(C)CC(N)C(=O)NC(C=O)CC1CCNC1=O.O=COCc1ccccc1,CC(C)C[C@H](NC(=O)OCc1ccccc1)C(=O)N[C@@H](C[C@@H]1CCNC1=O)C(O)S(=O)(=O)O,UP,P0DTD1
N#CN1C[C@@H](CC1)NC(=O)[C@H](CC(C)C)NC(=O)OCc2ccccc2,c1ccccc1COC(=O)N[C@@H](CC(C)C)C(=O)NNC(=O)NNC(=O)[C@H](CC(C)C)NC(=O)OCc2ccccc2,DOWN,P43235
CC(C)C[C@H](NC(=O)OCC1CCC(F)(F)CC1)C(=O)N[C@@H](C[C@@H]1CCNC1=O)[C@H](O)S(O)(=O)=O,CC(C)C[C@H](NC(=O)OC[C@H]1C[C@H]2C=CC[C@H](C2)C1)C(=O)N[C@@H](C[C@@H]1CCNC1=O)C(=O)S(=O)(=O)O,UP,P0DTD1
CC(C)C[C@H](NC(=O)OCc1ccccc1)C(=O)N[C@@H](C[C@@H]1CCNC1=O)[C@@H](O)S(O)(=O)=O,c1ccccc1C[C@@H](C(=O)N[C@H](C=O)CNC(=O)C)NC(=O)[C@H](CC(C)C)NC(=O)OCc2ccccc2,DOWN,Q83883
CCCCOP(O)(=O)OC[C@@H]1O[C@H]([C@H](F)[C@H]1O)[n+]1cccc(c1)C(N)=O,NC(=O)c1cc[n+](cc1)[C@@H]1O[C@H](COP(O)(=O)OP(O)(=O)OC[C@H]2O[C@H]([C@H](O)[C@@H]2O)n2cnc3c(N)ncnc23)[C@@H](O)[C@@H]1F,UP,P28907
CC(=O)N[C@@H](CC(=O)O)C(=O)N[C@@H](CC(N)=O)C(=O)N[C@@H](CC(C)C)C(=O)N[C@H](C=O)CC(=O)O,CSCC[C@H](NC(=O)[C@H](CC(=O)O)NC(C)=O)C(=O)N[C@@H](CCC(N)=O)C(=O)N[C@H](C=O)CC(=O)O,DOWN,P55210
CC(O1)(C)Oc(c12)c(Cl)cc(Cl)c2OCC(=O)N3CCC(CC3)NS(=O)(=O)C=C,COc1cc(Cl)c(Cl)cc1NCC(=O)N2CCN(CC2)C(=O)C=C,DOWN,P01116
CCN(CC)/C(C)=N/P(C)(=O)OC,CCO[PH](=O)/N=C(\C)N(CC)CC,UP,P22303
CC(=O)/C=C/c1c(C)[nH]c(=O)[nH]c1=O,CC(=O)/C=N/c1c([nH]c(=O)[nH]c1=O)NCCCCO,UP,Q95460
Cc1ccc(c(C)c1)S(=O)(=O)N2CCN(CC2)C(=O)CCl,ClCC(=O)N1CCN(Cc2cccs2)CC1,UP,P0DTD1
CC(C)C[C@@H](C=O)NC(=O)[C@H](CC(C)C)NC(=O)[C@H](CC(C)C)NC(=O)OCc1ccccc1,O=C[C@@H](C[C@@H]1CCNC1=O)NC(=O)[C@H](CC1CC1)NC(=O)OCc1ccccc1,UP,P0DTD1
ClCC(=O)N[C@H](C)c1cccc(Cl)c1,ClCC(=O)N[C@H]([C@@H](C)O)C(=O)NCC=C,DOWN,P0DTD1
CC(C)C[C@H](NC(=O)[C@H](N)C(C)C)C(=O)N[C@@H](CCCCN)C(=O)CCl,N=C(N)NCCC[C@H](NC(=O)[C@H](Cc1ccccc1)NC(=O)[C@@H](N)Cc1ccccc1)C(=O)CCl,UP,Q6UWY2
CC(=O)/C=N/c1c([nH]c(=O)[nH]c1=O)NCC[C@H](O)[C@H](O)CO,OC[C@H](O)[C@H](O)[C@H](O)CNc1c(/N=C/C=O)c(=O)[nH]c(=O)[nH]1,DOWN,Q95460
CN1CCN(CC1)c1ccc(Cc2cc3cnc(nc3n2C2CCCCC2)C#N)cc1,CN1CCN(CCn2cnc3c(NC4CCCCC4)nc(nc23)C#N)CC1,DOWN,P43235
CC(C)CC(NC(=O)OC(C)C1CCC(F)(F)CC1)C(=O)NC(C=O)CC1CCNC1=O,CSCC[C@@H](C=O)NC(=O)[C@H](CC(C)C)NC(=O)[C@H](CC(C)C)NC(=O)C,DOWN,P0DTD1
C=CC(=O)Nc1ccc(OC)c(Nc2cc(-c3[nH]c(CCCO)nc3-c3ccc(F)cc3)ccn2)c1,C=CC(=O)Nc1cccc(Nc2nc(Nc3ccc(OCCOC)cc3)ncc2F)c1,DOWN,P00533
C=CC(=O)N(c1ccc(C(C)(C)C)cc1)C(C(=O)NC1CCOCC1)c1cccnc1,C[C@H](NC(=O)[C@@H](c1cccnc1)N(C(=O)C(Cl)Cl)c1ccc(-c2ccccc2)cc1)c1ccccc1,UP,P0DTD1
O=C(CCCCCCc1ccccc1)c1ncc(-c2ccccn2)o1,c1cccnc1-c2oc(nc2)C(=O)[C@H](C3)CCc(c34)cc(cc4)Oc5ccccc5,UP,P97612
CC(C)C[C@H](NC(=O)OCc1ccc(F)cc1)C(=O)N[C@@H](C[C@@H]1CCNC1=O)C(O)S(=O)(=O)O,COc1cccc(c12)[nH]c(c2)C(=O)N[C@@H](CC(C)C)C(=O)N[C@@H](C[C@@H]3CCNC3=O)C(=O)c(s4)nc(c45)cccc5,UP,P0DTD1
CCCCCCCCCC/C=C/C=C/C(=O)CN(CC(=O)OC)S(=O)(=O)c1ccc(C)cc1,CCCCC\C=C/C\C=C\C=C\C(=O)CCCCC(O)=O,DOWN,P37231
CC(=O)N[C@H](CC(C)C)C(=O)N[C@@H](C)C(=O)N[C@H](Cc1ccc(O)cc1)C(=O)C1(C)CO1,CC(=O)N[C@H](CC(C)C)C(=O)N[C@@H](CC(C)C)C(=O)N[C@@H](CC(C)C)C(=O)C1(C)CO1,DOWN,P25043
CCCCC(C=O)NC(=O)C(CC(C)C)NC(=O)OCc1ccccc1,c1ccccc1OC(=O)N[C@@H](CC(C)C)C(=O)N[C@@H](CC(C)C)C(=O)N[C@@H](C[C@@H]2CCNC2=O)C(=O)C(=O)NC3CC3,DOWN,P0DTD1
CC(=O)/C=N/c1c([nH]c(=O)[nH]c1=O)NCCCO,CC(=O)/C=N/c1c([nH]c(=O)[nH]c1=O)NC[C@H](O)[C@H](O)CCO,UP,Q95460
CC(C)C[C@H](NC(=O)OC[C@@H]1C[C@H]2CCC[C@H](C2)C1)C(=O)N[C@H](C=O)C[C@@H]1CCNC1=O,COc1cccc(c12)[nH]c(c2)C(=O)N[C@@H](CC(C)C)C(=O)N[C@@H](C[C@@H]3CCNC3=O)C(=O)COC(=O)c4ccccc4C#N,DOWN,P0DTD1
O=C(O)CCC(=O)CCC(=O)CCC(=O)O,OCC(=O)CCC(O)=O,UP,P05373
CC(C)C(NC(=O)OCc1ccccc1)C(=O)NC(Cc1ccccc1)C(=O)NC(C=O)CC1CCNC1=O,CC(C)[C@H](NC(=O)OCc1ccccc1)C(=O)N[C@@H](C)C(=O)N[C@@H](CC(=O)O)C(=O)COC(=O)c1c(Cl)cccc1Cl,UP,P0DTD1
CC(C)C[C@H](NC(=O)OCc1ccccc1)C(=O)N[C@@H](C[C@@H]1CCNC1=O)C(=O)S(=O)(=O)[O-],CC(C)[C@H](NC(=O)OCc1ccccc1)C(=O)N[C@@H](C)C(=O)N[C@@H](CC(=O)O)C(=O)COC(=O)c1c(Cl)cccc1Cl,UP,P0DTD1
COC(=O)CC[C@H](NC(=O)[C@H](C)NC(=O)[C@@H](NC(=O)OCc1ccccc1)C(C)C)C(=O)CF,O=C[C@@H](C[C@@H]1CCNC1=O)NC(=O)[C@H](CC1CC1)NC(=O)OCc1ccccc1,UP,P0DTD1
ClCC(=O)N1CCN(Cc2cccs2)CC1,Fc1ccccc1S(=O)(=O)N2CCN(CC2)C(=O)CCl,DOWN,P0DTD1
CCCCCCCCCC/C=C/C=C/C(=O)CN(CC(=O)OC)S(=O)(=O)c1ccc(C)cc1,Cc1ccc(cc1)S(=O)(=O)N(CC(=O)OC)CC(=O)/C=C/C=C/CCCCCCCCCCN=[N+]=[N-],DOWN,P37231
CC(C)C[C@H](NC(=O)OCC1CCC(F)(F)CC1)C(=O)N[C@@H](C[C@@H]1CCNC1=O)[C@H](O)S(O)(=O)=O,CC(C)C[C@H](NC(=O)OCc1ccccc1)C(=O)N[C@@H](C[C@@H]1CCNC1=O)C(O)S(=O)(=O)O,UP,P0DTD1
C=CC(=O)N(c1ccc(C(C)(C)C)cc1)C(C(=O)NC)c1cccnc1,CCc1cccc(C)c1NC(=O)[C@@H](c2cccnc2)N(C(=O)C=C)c3ccc(nc3)C(C)C,UP,P0DTD1
CC(=O)CC(=O)CCC(O)=O,OCC(=O)CCC(O)=O,UP,P05373
CC(C)C[C@H](NC(=O)OCc1ccc(F)cc1)C(=O)N[C@@H](C[C@@H]1CCNC1=O)C(O)S(=O)(=O)O,O=C[C@@H](C[C@@H]1CCNC1=O)NC(=O)[C@H](CC1CC1)NC(=O)OCc1ccccc1,UP,P0DTD1
CC(=O)N[C@H](CC(C)C)C(=O)N[C@@H](C)C(=O)N[C@H](Cc1ccc(O)cc1)C(=O)C1(C)CO1,COc1ccc(C[C@H](NC(=O)[C@H](C)NC(=O)C2=CC3=CCC=CC3=C2C)C(=O)N[C@@H](Cc2ccccc2)C(=O)[C@@]2(C)CO2)cc1,UP,P25043
Cc1ccccc1CN1CCCN(CC1)C(=O)CCl,Oc1ccccc1NC(=O)C2CCN(CC2)C(=O)CCl,DOWN,P0DTD1
CCOP(=O)(OCC)SCC[N+](C)(C)C,CCOP(C)(=O)SCCN(C(C)C)C(C)C,DOWN,P06276
CC(C)C(NC(=O)OCc1ccccc1)C(=O)NC(CC1CCCCC1)C(=O)NC(C=O)CC1CCNC1=O,CC(C)[C@H](NC(=O)OCc1ccccc1)C(=O)N[C@@H](C)C(=O)N[C@@H](CC(=O)O)C(=O)COC(=O)c1c(Cl)cccc1Cl,UP,P0DTD1
BrC(Br)CC[C@@H](B(O)O)NC(=O)[C@@H]1CCCN1C(=O)[C@@H](NC(=O)CCCC=O)Cc2ccccc2,CN[C@H](Cc1ccccc1)C(=O)N1CCC[C@H]1C(=O)N[C@@H](CCCNC(N)=N)C(=O)c1nc2ccc(cc2s1)C(O)=O,UP,P28504
CC(C)C[C@H](NC(=O)OCC1CCC(F)(F)CC1)C(=O)N[C@@H](C[C@@H]1CCNC1=O)[C@H](O)S(O)(=O)=O,CC(C)C[C@H](NC(=O)OCc1ccccc1)C(=O)N[C@@H](C[C@@H]1CCNC1=O)C(O)S(=O)(=O)O,UP,P0C6U8
CC1=C(C(=O)N[C@H](C)C(=O)N[C@@H](Cc2c[nH]c3ccccc23)C(=O)NC(Cc2ccccc2)C(=O)[C@@]2(C)CO2)Cc2ccccc21,COc1ccc(C[C@H](NC(=O)[C@@H](C)NC(=O)C2=CC3=CCC=CC3=C2C)C(=O)N[C@@H](Cc2ccccc2)C(=O)[C@@]2(C)CO2)cc1,UP,P28074
CCCC[C@H](NC(=O)[C@@H]1CC(F)(F)CN1C(=O)[C@H](C)NC(=O)CN=[N+]=[N-])C(=O)N[C@@H](CC(C)C)C(=O)C1(C)CO1,CC[C@H](C)[C@H](NC(=O)[C@H](C)NC(=O)[C@H](CC(C)C)NC(C)=O)C(=O)C1(C)CO1,DOWN,P25043
O=C(NCB(O)O)c1c(CO)cccc1CO,O=S(=O)(Cc1ccccc1)NCB(O)O.[HH],DOWN,P39045
CC(C)CC(NC(=O)OCc1ccccc1)C(=O)NC(CC1CCNC1=O)C(O)S(=O)(=O)O,COc1cccc(c12)[nH]c(c2)C(=O)N[C@@H](CC(C)C)C(=O)N[C@@H](C[C@@H]3CCNC3=O)C(=O)COC(=O)c4ccccc4C#N,DOWN,P0DTD1
CC(C)CC(NC(=O)OCc1ccccc1)C(=O)NC(CC1CCNC1=O)C(O)S(=O)(=O)O,c1ccccc1COC(=O)N[C@@H]([C@@H](C)OC(C)(C)C)C(=O)N[C@@H](CC2CCCCC2)C(=O)N[C@H](C=O)C[C@@H]3CCNC3=O,DOWN,P0DTD1
CC(C)C[C@H](NC(=O)[C@@H](NC(=O)c1cc2ccccc2[nH]1)C(C)C)C(=O)N[C@H](C=O)C[C@@H]1CCNC1=O,c1ccccc1COC(=O)N[C@@H]([C@@H](C)OC(C)(C)C)C(=O)N[C@@H](CC2CCCCC2)C(=O)N[C@H](C=O)C[C@@H]3CCNC3=O,DOWN,P0C6X7
CC(C)C[C@@H](C=O)NC(=O)[C@H](CC(C)C)NC(=O)[C@H](CC(C)C)NC(=O)OCc1ccccc1,CCCCCCCCC[C@@H](O)CC(=O)N[C@@H](CC(N)=O)C(=O)N[C@@H](CCC(N)=O)C(=O)N[C@H](C=O)CC(C)C,DOWN,P25043
CSC1=C(N2[C@@H]([C@@H]([C@@H](C)O)C2=O)[C@H]1C)C(O)=O,C[C@@H](O)[C@@H]1[C@H]2CC(SCCNC=N)=C(N2C1=O)C(O)=O,DOWN,I6Y9J2
CC(C)CC(NC(=O)OCc1ccc(F)cc1)C(=O)NC(CC1CCNC1=O)C(O)S(=O)(=O)O,CC(C)C[C@H](NC(=O)OC[C@H]1C[C@H]2C=C[C@@H]1C2)C(=O)N[C@@H](C[C@@H]1CCNC1=O)C(O)S(=O)(=O)O,UP,P0DTD1
CC(=O)CC(=O)CCC(O)=O,NCC(=O)CCC(O)=O,UP,P05373
CC(=O)N[C@@H](CC(=O)O)C(=O)N[C@@H](Cc1ccccc1)C(=O)N[C@@H](CC(C)C)C(=O)N[C@@H](C)C(=O)N[C@@H](CCC(=O)O)C(=O)NCC(=O)NCC(=O)NCC(=O)N[C@H](C(=O)N[C@@H](CCCNC(=N)N)C(=O)CCl)C(C)C,NC(=[NH2+])NCCC[C@H](NC(=O)[C@@H]1CCCN1C(=O)[C@H](N)Cc1ccccc1)C(=O)CCl,UP,P00734
CC(C)C[C@H](NC(=O)OC[C@H]1C[C@H]2CCC[C@H](C2)C1)C(=O)N[C@H](C=O)C[C@@H]1CCNC1=O,c1ccccc1COC(=O)N[C@@H]([C@@H](C)OC(C)(C)C)C(=O)N[C@@H](CC2CCCCC2)C(=O)N[C@H](C=O)C[C@@H]3CCNC3=O,DOWN,P0DTD1
N#Cc(c1)ccc(c12)c(N(C)C(=O)C=C)cc(c2C)Oc3c(cccc3)OCCn4ccc(=O)[nH]c4=O,N#Cc1cc(Cl)cc(Oc2ccc(OS(=O)(=O)F)cc2OCCn2ccc(=O)[nH]c2=O)c1,DOWN,P03366
CC(C)C[C@H](NC(=O)OC[C@H]1C[C@H]2CC[C@@H]1C2)C(=O)N[C@@H](C[C@@H]1CCNC1=O)C(O)S(=O)(=O)O,COc1cccc(c12)[nH]c(c2)C(=O)N[C@@H](CC(C)C)C(=O)N[C@@H](C[C@@H]3CCNC3=O)C(=O)COC(=O)c4ccccc4C#N,DOWN,P0DTD1
CC(C)C[C@H](NC(=O)OCC1=CC=CC=C1)C(=O)N[C@@H](C[C@@H]1CCNC1=O)[C@H](O)S(O)(=O)=O,CC(C)[C@H](NC(=O)OCc1ccccc1)C(=O)N[C@@H](C)C(=O)N[C@@H](CC(=O)O)C(=O)COC(=O)c1c(Cl)cccc1Cl,UP,P0DTD1
CCC[C@H]1CC[C@H](OC(=O)N[C@@H](CC(C)C)C(=O)N[C@@H](C[C@@H]2CCNC2=O)C(O)S(=O)(=O)O)CC1,COc1cccc(c12)[nH]c(c2)C(=O)N[C@@H](CC(C)C)C(=O)N[C@@H](C[C@@H]3CCNC3=O)C(=O)c(s4)nc(c45)cccc5,UP,P0DTD1
O=Cc1ccccc1OP(=O)([O-])OCC2CCCCC2,OP(O)(=O)Oc1ccccc1C=O,DOWN,P12931
Cc1ccc(cc1)C(=O)N2CCN(CC2)C(=O)CCl,ClCC(=O)N1CCN(CC1)S(=O)(=O)c2ccccc2C#N,UP,P0DTD1
OB(O)c(c1)sc(c12)cccc2,OB(O)c1cccc(c1)N,DOWN,P00811
CC(=O)/C=N/c1c([nH]c(=O)[nH]c1=O)NCCCCCO,CC(=O)/C=N/c1c([nH]c(=O)[nH]c1=O)NCCCCO,UP,Q95460
CC(C)C[C@H](NC(=O)OC[C@H]1C[C@H]2CC[C@@H]1C2)C(=O)N[C@@H](C[C@@H]1CCNC1=O)C(O)S(=O)(=O)O,CC(C)C[C@H](NC(=O)OCc1ccccc1)C(=O)N[C@@H](C[C@@H]1CCNC1=O)C(O)S(=O)(=O)O,UP,P0DTD1
CC(C)C[C@H](NC(=O)OCc1ccc(F)cc1)C(=O)N[C@@H](C[C@@H]1CCNC1=O)C(O)S(=O)(=O)O,CCOC(=O)C=C[C@H](C[C@@H]1CCNC1=O)NC(=O)[C@@H](CC(=O)[C@@H](NC(=O)c1cc(C)on1)C(C)C)Cc1ccc(F)cc1,UP,P0DTD1
C.CC(C)C.NC(CC1CCCCC1)C(=O)NC(C=O)CC1CCNC1=O.O=COCc1ccccc1,CC(C)C[C@H](NC(=O)OCc1ccccc1)C(=O)N[C@@H](C[C@@H]1CCNC1=O)C(O)S(=O)(=O)O,UP,P0DTD1
O=C1NCC[C@H]1C[C@@H](/C=C/C(=O)OCC)NC(=O)[C@H](Cc2ccccc2)NC(=O)[C@H](COC(C)(C)C)NC(=O)OCc3ccccc3,O=C1NCC[C@H]1C[C@@H](/C=C/C(=O)OCC)NC(=O)[C@H](Cc2ccccc2)NC(=O)[C@H]([C@@H](C)OC(C)(C)C)NC(=O)OCC3c(cccc4)c4c(c35)cccc5,UP,A1E4A3
C=CC(=O)Nc1ccc(OC)c(Nc2cc(-c3[nH]c(CCCO)nc3-c3ccc(F)cc3)ccn2)c1,COc1ccc(NC(=O)C=C)cc1Nc2cc(ccn2)-c3[nH]c(SC)nc3-c4ccc(F)cc4,UP,P00533
CC(C)C[C@H](NC(=O)OCc1c(F)c(F)c(F)c(F)c1F)C(=O)N[C@@H](C[C@@H]1CCNC1=O)C(O)S(=O)(=O)O,CC(C)C[C@H](NC(=O)OCc1ccccc1)C(=O)N[C@@H](C[C@@H]1CCNC1=O)C(=O)S(=O)(=O)[O-],UP,P0DTD1
